path,label,group_id,split
../data/raw/Bali/letter/ba/Ba_238.jpg,ba,238,train
../data/raw/Bali/letter/ba/Ba_210.jpg,ba,210,train
../data/raw/Bali/letter/ba/Ba_204.jpg,ba,204,train
../data/raw/Bali/letter/ba/Ba_24.jpg,ba,24,train
../data/raw/Bali/letter/ba/Ba_30.jpg,ba,30,validation
../data/raw/Bali/letter/ba/Ba_18.jpg,ba,18,train
../data/raw/Bali/letter/ba/Ba_166.jpg,ba,166,train
../data/raw/Bali/letter/ba/Ba_172.jpg,ba,172,train
../data/raw/Bali/letter/ba/Ba_199.jpg,ba,199,train
../data/raw/Bali/letter/ba/Ba_198.jpg,ba,198,train
../data/raw/Bali/letter/ba/Ba_173.jpg,ba,173,train
../data/raw/Bali/letter/ba/Ba_167.jpg,ba,167,train
../data/raw/Bali/letter/ba/Ba_19.jpg,ba,19,train
../data/raw/Bali/letter/ba/Ba_31.jpg,ba,31,test
../data/raw/Bali/letter/ba/Ba_25.jpg,ba,25,train
../data/raw/Bali/letter/ba/Ba_205.jpg,ba,205,train
../data/raw/Bali/letter/ba/Ba_211.jpg,ba,211,train
../data/raw/Bali/letter/ba/Ba_239.jpg,ba,239,train
../data/raw/Bali/letter/ba/Ba_207.jpg,ba,207,train
../data/raw/Bali/letter/ba/Ba_213.jpg,ba,213,train
../data/raw/Bali/letter/ba/Ba_33.jpg,ba,33,train
../data/raw/Bali/letter/ba/Ba_27.jpg,ba,27,train
../data/raw/Bali/letter/ba/Ba_159.jpg,ba,159,validation
../data/raw/Bali/letter/ba/Ba_171.jpg,ba,171,train
../data/raw/Bali/letter/ba/Ba_165.jpg,ba,165,train
../data/raw/Bali/letter/ba/Ba_164.jpg,ba,164,train
../data/raw/Bali/letter/ba/Ba_170.jpg,ba,170,train
../data/raw/Bali/letter/ba/Ba_158.jpg,ba,158,train
../data/raw/Bali/letter/ba/Ba_26.jpg,ba,26,train
../data/raw/Bali/letter/ba/Ba_32.jpg,ba,32,train
../data/raw/Bali/letter/ba/Ba_212.jpg,ba,212,validation
../data/raw/Bali/letter/ba/Ba_206.jpg,ba,206,train
../data/raw/Bali/letter/ba/Ba_202.jpg,ba,202,train
../data/raw/Bali/letter/ba/Ba_216.jpg,ba,216,train
../data/raw/Bali/letter/ba/Ba_36.jpg,ba,36,train
../data/raw/Bali/letter/ba/Ba_22.jpg,ba,22,validation
../data/raw/Bali/letter/ba/Ba_174.jpg,ba,174,train
../data/raw/Bali/letter/ba/Ba_160.jpg,ba,160,train
../data/raw/Bali/letter/ba/Ba_148.jpg,ba,148,train
../data/raw/Bali/letter/ba/Ba_149.jpg,ba,149,test
../data/raw/Bali/letter/ba/Ba_161.jpg,ba,161,test
../data/raw/Bali/letter/ba/Ba_175.jpg,ba,175,train
../data/raw/Bali/letter/ba/Ba_23.jpg,ba,23,train
../data/raw/Bali/letter/ba/Ba_37.jpg,ba,37,train
../data/raw/Bali/letter/ba/Ba_217.jpg,ba,217,test
../data/raw/Bali/letter/ba/Ba_203.jpg,ba,203,validation
../data/raw/Bali/letter/ba/Ba_215.jpg,ba,215,validation
../data/raw/Bali/letter/ba/Ba_201.jpg,ba,201,validation
../data/raw/Bali/letter/ba/Ba_229.jpg,ba,229,train
../data/raw/Bali/letter/ba/Ba_21.jpg,ba,21,train
../data/raw/Bali/letter/ba/Ba_35.jpg,ba,35,train
../data/raw/Bali/letter/ba/Ba_163.jpg,ba,163,train
../data/raw/Bali/letter/ba/Ba_177.jpg,ba,177,train
../data/raw/Bali/letter/ba/Ba_188.jpg,ba,188,train
../data/raw/Bali/letter/ba/Ba_189.jpg,ba,189,train
../data/raw/Bali/letter/ba/Ba_176.jpg,ba,176,train
../data/raw/Bali/letter/ba/Ba_162.jpg,ba,162,train
../data/raw/Bali/letter/ba/Ba_34.jpg,ba,34,train
../data/raw/Bali/letter/ba/Ba_20.jpg,ba,20,train
../data/raw/Bali/letter/ba/Ba_228.jpg,ba,228,validation
../data/raw/Bali/letter/ba/Ba_200.jpg,ba,200,test
../data/raw/Bali/letter/ba/Ba_214.jpg,ba,214,train
../data/raw/Bali/letter/ba/Ba_47.jpg,ba,47,train
../data/raw/Bali/letter/ba/Ba_53.jpg,ba,53,test
../data/raw/Bali/letter/ba/Ba_84.jpg,ba,84,test
../data/raw/Bali/letter/ba/Ba_90.jpg,ba,90,train
../data/raw/Bali/letter/ba/Ba_139.jpg,ba,139,train
../data/raw/Bali/letter/ba/Ba_105.jpg,ba,105,train
../data/raw/Bali/letter/ba/Ba_111.jpg,ba,111,train
../data/raw/Bali/letter/ba/Ba_1.jpg,ba,1,train
../data/raw/Bali/letter/ba/Ba_110.jpg,ba,110,train
../data/raw/Bali/letter/ba/Ba_104.jpg,ba,104,validation
../data/raw/Bali/letter/ba/Ba_138.jpg,ba,138,train
../data/raw/Bali/letter/ba/Ba_91.jpg,ba,91,train
../data/raw/Bali/letter/ba/Ba_85.jpg,ba,85,train
../data/raw/Bali/letter/ba/Ba_52.jpg,ba,52,train
../data/raw/Bali/letter/ba/Ba_46.jpg,ba,46,validation
../data/raw/Bali/letter/ba/Ba_50.jpg,ba,50,train
../data/raw/Bali/letter/ba/Ba_44.jpg,ba,44,train
../data/raw/Bali/letter/ba/Ba_78.jpg,ba,78,train
../data/raw/Bali/letter/ba/Ba_93.jpg,ba,93,test
../data/raw/Bali/letter/ba/Ba_87.jpg,ba,87,validation
../data/raw/Bali/letter/ba/Ba_112.jpg,ba,112,train
../data/raw/Bali/letter/ba/Ba_106.jpg,ba,106,train
../data/raw/Bali/letter/ba/Ba_3.jpg,ba,3,test
../data/raw/Bali/letter/ba/Ba_2.jpg,ba,2,train
../data/raw/Bali/letter/ba/Ba_107.jpg,ba,107,test
../data/raw/Bali/letter/ba/Ba_113.jpg,ba,113,test
../data/raw/Bali/letter/ba/Ba_86.jpg,ba,86,train
../data/raw/Bali/letter/ba/Ba_92.jpg,ba,92,train
../data/raw/Bali/letter/ba/Ba_79.jpg,ba,79,train
../data/raw/Bali/letter/ba/Ba_45.jpg,ba,45,validation
../data/raw/Bali/letter/ba/Ba_51.jpg,ba,51,train
../data/raw/Bali/letter/ba/Ba_69.jpg,ba,69,validation
../data/raw/Bali/letter/ba/Ba_55.jpg,ba,55,train
../data/raw/Bali/letter/ba/Ba_41.jpg,ba,41,train
../data/raw/Bali/letter/ba/Ba_96.jpg,ba,96,train
../data/raw/Bali/letter/ba/Ba_82.jpg,ba,82,train
../data/raw/Bali/letter/ba/Ba_117.jpg,ba,117,validation
../data/raw/Bali/letter/ba/Ba_103.jpg,ba,103,test
../data/raw/Bali/letter/ba/Ba_6.jpg,ba,6,test
../data/raw/Bali/letter/ba/Ba_7.jpg,ba,7,train
../data/raw/Bali/letter/ba/Ba_102.jpg,ba,102,test
../data/raw/Bali/letter/ba/Ba_116.jpg,ba,116,test
../data/raw/Bali/letter/ba/Ba_83.jpg,ba,83,train
../data/raw/Bali/letter/ba/Ba_97.jpg,ba,97,train
../data/raw/Bali/letter/ba/Ba_40.jpg,ba,40,train
../data/raw/Bali/letter/ba/Ba_54.jpg,ba,54,train
../data/raw/Bali/letter/ba/Ba_68.jpg,ba,68,train
../data/raw/Bali/letter/ba/Ba_248.jpg,ba,248,train
../data/raw/Bali/letter/ba/Ba_42.jpg,ba,42,train
../data/raw/Bali/letter/ba/Ba_56.jpg,ba,56,train
../data/raw/Bali/letter/ba/Ba_81.jpg,ba,81,validation
../data/raw/Bali/letter/ba/Ba_95.jpg,ba,95,train
../data/raw/Bali/letter/ba/Ba_100.jpg,ba,100,train
../data/raw/Bali/letter/ba/Ba_114.jpg,ba,114,train
../data/raw/Bali/letter/ba/Ba_128.jpg,ba,128,train
../data/raw/Bali/letter/ba/Ba_5.jpg,ba,5,test
../data/raw/Bali/letter/ba/Ba_4.jpg,ba,4,test
../data/raw/Bali/letter/ba/Ba_129.jpg,ba,129,train
../data/raw/Bali/letter/ba/Ba_115.jpg,ba,115,train
../data/raw/Bali/letter/ba/Ba_101.jpg,ba,101,train
../data/raw/Bali/letter/ba/Ba_94.jpg,ba,94,train
../data/raw/Bali/letter/ba/Ba_80.jpg,ba,80,test
../data/raw/Bali/letter/ba/Ba_57.jpg,ba,57,train
../data/raw/Bali/letter/ba/Ba_43.jpg,ba,43,test
../data/raw/Bali/letter/ba/Ba_246.jpg,ba,246,validation
../data/raw/Bali/letter/ba/Ba_66.jpg,ba,66,train
../data/raw/Bali/letter/ba/Ba_72.jpg,ba,72,train
../data/raw/Bali/letter/ba/Ba_99.jpg,ba,99,train
../data/raw/Bali/letter/ba/Ba_118.jpg,ba,118,train
../data/raw/Bali/letter/ba/Ba_124.jpg,ba,124,test
../data/raw/Bali/letter/ba/Ba_130.jpg,ba,130,validation
../data/raw/Bali/letter/ba/Ba_9.jpg,ba,9,train
../data/raw/Bali/letter/ba/Ba_8.jpg,ba,8,train
../data/raw/Bali/letter/ba/Ba_131.jpg,ba,131,train
../data/raw/Bali/letter/ba/Ba_125.jpg,ba,125,test
../data/raw/Bali/letter/ba/Ba_119.jpg,ba,119,validation
../data/raw/Bali/letter/ba/Ba_98.jpg,ba,98,train
../data/raw/Bali/letter/ba/Ba_73.jpg,ba,73,train
../data/raw/Bali/letter/ba/Ba_67.jpg,ba,67,train
../data/raw/Bali/letter/ba/Ba_247.jpg,ba,247,train
../data/raw/Bali/letter/ba/Ba_245.jpg,ba,245,train
../data/raw/Bali/letter/ba/Ba_71.jpg,ba,71,train
../data/raw/Bali/letter/ba/Ba_65.jpg,ba,65,train
../data/raw/Bali/letter/ba/Ba_59.jpg,ba,59,train
../data/raw/Bali/letter/ba/Ba_133.jpg,ba,133,train
../data/raw/Bali/letter/ba/Ba_127.jpg,ba,127,validation
../data/raw/Bali/letter/ba/Ba_126.jpg,ba,126,validation
../data/raw/Bali/letter/ba/Ba_132.jpg,ba,132,train
../data/raw/Bali/letter/ba/Ba_58.jpg,ba,58,train
../data/raw/Bali/letter/ba/Ba_64.jpg,ba,64,train
../data/raw/Bali/letter/ba/Ba_70.jpg,ba,70,train
../data/raw/Bali/letter/ba/Ba_244.jpg,ba,244,train
../data/raw/Bali/letter/ba/Ba_240.jpg,ba,240,validation
../data/raw/Bali/letter/ba/Ba_48.jpg,ba,48,test
../data/raw/Bali/letter/ba/Ba_74.jpg,ba,74,train
../data/raw/Bali/letter/ba/Ba_60.jpg,ba,60,train
../data/raw/Bali/letter/ba/Ba_136.jpg,ba,136,validation
../data/raw/Bali/letter/ba/Ba_122.jpg,ba,122,train
../data/raw/Bali/letter/ba/Ba_123.jpg,ba,123,validation
../data/raw/Bali/letter/ba/Ba_137.jpg,ba,137,train
../data/raw/Bali/letter/ba/Ba_61.jpg,ba,61,test
../data/raw/Bali/letter/ba/Ba_75.jpg,ba,75,test
../data/raw/Bali/letter/ba/Ba_49.jpg,ba,49,train
../data/raw/Bali/letter/ba/Ba_241.jpg,ba,241,train
../data/raw/Bali/letter/ba/Ba_243.jpg,ba,243,train
../data/raw/Bali/letter/ba/Ba_63.jpg,ba,63,train
../data/raw/Bali/letter/ba/Ba_77.jpg,ba,77,train
../data/raw/Bali/letter/ba/Ba_88.jpg,ba,88,train
../data/raw/Bali/letter/ba/Ba_121.jpg,ba,121,train
../data/raw/Bali/letter/ba/Ba_135.jpg,ba,135,test
../data/raw/Bali/letter/ba/Ba_109.jpg,ba,109,validation
../data/raw/Bali/letter/ba/Ba_108.jpg,ba,108,train
../data/raw/Bali/letter/ba/Ba_134.jpg,ba,134,train
../data/raw/Bali/letter/ba/Ba_120.jpg,ba,120,train
../data/raw/Bali/letter/ba/Ba_89.jpg,ba,89,validation
../data/raw/Bali/letter/ba/Ba_76.jpg,ba,76,validation
../data/raw/Bali/letter/ba/Ba_62.jpg,ba,62,validation
../data/raw/Bali/letter/ba/Ba_242.jpg,ba,242,train
../data/raw/Bali/letter/ba/Ba_219.jpg,ba,219,test
../data/raw/Bali/letter/ba/Ba_231.jpg,ba,231,test
../data/raw/Bali/letter/ba/Ba_225.jpg,ba,225,train
../data/raw/Bali/letter/ba/Ba_11.jpg,ba,11,test
../data/raw/Bali/letter/ba/Ba_39.jpg,ba,39,test
../data/raw/Bali/letter/ba/Ba_147.jpg,ba,147,train
../data/raw/Bali/letter/ba/Ba_153.jpg,ba,153,validation
../data/raw/Bali/letter/ba/Ba_184.jpg,ba,184,train
../data/raw/Bali/letter/ba/Ba_190.jpg,ba,190,train
../data/raw/Bali/letter/ba/Ba_191.jpg,ba,191,train
../data/raw/Bali/letter/ba/Ba_185.jpg,ba,185,train
../data/raw/Bali/letter/ba/Ba_152.jpg,ba,152,test
../data/raw/Bali/letter/ba/Ba_146.jpg,ba,146,train
../data/raw/Bali/letter/ba/Ba_38.jpg,ba,38,train
../data/raw/Bali/letter/ba/Ba_10.jpg,ba,10,validation
../data/raw/Bali/letter/ba/Ba_224.jpg,ba,224,test
../data/raw/Bali/letter/ba/Ba_230.jpg,ba,230,train
../data/raw/Bali/letter/ba/Ba_218.jpg,ba,218,test
../data/raw/Bali/letter/ba/Ba_226.jpg,ba,226,train
../data/raw/Bali/letter/ba/Ba_232.jpg,ba,232,train
../data/raw/Bali/letter/ba/Ba_12.jpg,ba,12,train
../data/raw/Bali/letter/ba/Ba_178.jpg,ba,178,train
../data/raw/Bali/letter/ba/Ba_150.jpg,ba,150,test
../data/raw/Bali/letter/ba/Ba_144.jpg,ba,144,validation
../data/raw/Bali/letter/ba/Ba_193.jpg,ba,193,train
../data/raw/Bali/letter/ba/Ba_187.jpg,ba,187,train
../data/raw/Bali/letter/ba/Ba_186.jpg,ba,186,train
../data/raw/Bali/letter/ba/Ba_192.jpg,ba,192,train
../data/raw/Bali/letter/ba/Ba_145.jpg,ba,145,train
../data/raw/Bali/letter/ba/Ba_151.jpg,ba,151,train
../data/raw/Bali/letter/ba/Ba_179.jpg,ba,179,train
../data/raw/Bali/letter/ba/Ba_13.jpg,ba,13,validation
../data/raw/Bali/letter/ba/Ba_233.jpg,ba,233,train
../data/raw/Bali/letter/ba/Ba_227.jpg,ba,227,train
../data/raw/Bali/letter/ba/Ba_223.jpg,ba,223,train
../data/raw/Bali/letter/ba/Ba_237.jpg,ba,237,train
../data/raw/Bali/letter/ba/Ba_17.jpg,ba,17,train
../data/raw/Bali/letter/ba/Ba_155.jpg,ba,155,train
../data/raw/Bali/letter/ba/Ba_141.jpg,ba,141,train
../data/raw/Bali/letter/ba/Ba_169.jpg,ba,169,train
../data/raw/Bali/letter/ba/Ba_196.jpg,ba,196,validation
../data/raw/Bali/letter/ba/Ba_182.jpg,ba,182,train
../data/raw/Bali/letter/ba/Ba_183.jpg,ba,183,train
../data/raw/Bali/letter/ba/Ba_197.jpg,ba,197,train
../data/raw/Bali/letter/ba/Ba_168.jpg,ba,168,validation
../data/raw/Bali/letter/ba/Ba_140.jpg,ba,140,train
../data/raw/Bali/letter/ba/Ba_154.jpg,ba,154,train
../data/raw/Bali/letter/ba/Ba_16.jpg,ba,16,test
../data/raw/Bali/letter/ba/Ba_236.jpg,ba,236,train
../data/raw/Bali/letter/ba/Ba_222.jpg,ba,222,train
../data/raw/Bali/letter/ba/Ba_234.jpg,ba,234,train
../data/raw/Bali/letter/ba/Ba_220.jpg,ba,220,test
../data/raw/Bali/letter/ba/Ba_208.jpg,ba,208,validation
../data/raw/Bali/letter/ba/Ba_28.jpg,ba,28,validation
../data/raw/Bali/letter/ba/Ba_14.jpg,ba,14,train
../data/raw/Bali/letter/ba/Ba_142.jpg,ba,142,test
../data/raw/Bali/letter/ba/Ba_156.jpg,ba,156,test
../data/raw/Bali/letter/ba/Ba_181.jpg,ba,181,validation
../data/raw/Bali/letter/ba/Ba_195.jpg,ba,195,validation
../data/raw/Bali/letter/ba/Ba_194.jpg,ba,194,validation
../data/raw/Bali/letter/ba/Ba_180.jpg,ba,180,train
../data/raw/Bali/letter/ba/Ba_157.jpg,ba,157,train
../data/raw/Bali/letter/ba/Ba_143.jpg,ba,143,train
../data/raw/Bali/letter/ba/Ba_15.jpg,ba,15,train
../data/raw/Bali/letter/ba/Ba_29.jpg,ba,29,train
../data/raw/Bali/letter/ba/Ba_209.jpg,ba,209,test
../data/raw/Bali/letter/ba/Ba_221.jpg,ba,221,train
../data/raw/Bali/letter/ba/Ba_235.jpg,ba,235,train
../data/raw/Bali/letter/ca/Ca_238.jpg,ca,238,train
../data/raw/Bali/letter/ca/Ca_35.jpg,ca,35,train
../data/raw/Bali/letter/ca/Ca_21.jpg,ca,21,train
../data/raw/Bali/letter/ca/Ca_204.jpg,ca,204,train
../data/raw/Bali/letter/ca/Ca_210.jpg,ca,210,train
../data/raw/Bali/letter/ca/Ca_172.jpg,ca,172,train
../data/raw/Bali/letter/ca/Ca_166.jpg,ca,166,train
../data/raw/Bali/letter/ca/Ca_199.jpg,ca,199,train
../data/raw/Bali/letter/ca/Ca_198.jpg,ca,198,train
../data/raw/Bali/letter/ca/Ca_167.jpg,ca,167,train
../data/raw/Bali/letter/ca/Ca_173.jpg,ca,173,train
../data/raw/Bali/letter/ca/Ca_211.jpg,ca,211,train
../data/raw/Bali/letter/ca/Ca_205.jpg,ca,205,train
../data/raw/Bali/letter/ca/Ca_20.jpg,ca,20,train
../data/raw/Bali/letter/ca/Ca_34.jpg,ca,34,train
../data/raw/Bali/letter/ca/Ca_239.jpg,ca,239,train
../data/raw/Bali/letter/ca/Ca_22.jpg,ca,22,validation
../data/raw/Bali/letter/ca/Ca_36.jpg,ca,36,train
../data/raw/Bali/letter/ca/Ca_213.jpg,ca,213,train
../data/raw/Bali/letter/ca/Ca_207.jpg,ca,207,train
../data/raw/Bali/letter/ca/Ca_8.jpg,ca,8,train
../data/raw/Bali/letter/ca/Ca_159.jpg,ca,159,validation
../data/raw/Bali/letter/ca/Ca_165.jpg,ca,165,train
../data/raw/Bali/letter/ca/Ca_171.jpg,ca,171,train
../data/raw/Bali/letter/ca/Ca_170.jpg,ca,170,train
../data/raw/Bali/letter/ca/Ca_164.jpg,ca,164,train
../data/raw/Bali/letter/ca/Ca_158.jpg,ca,158,train
../data/raw/Bali/letter/ca/Ca_9.jpg,ca,9,train
../data/raw/Bali/letter/ca/Ca_206.jpg,ca,206,train
../data/raw/Bali/letter/ca/Ca_212.jpg,ca,212,validation
../data/raw/Bali/letter/ca/Ca_37.jpg,ca,37,train
../data/raw/Bali/letter/ca/Ca_23.jpg,ca,23,train
../data/raw/Bali/letter/ca/Ca_216.jpg,ca,216,train
../data/raw/Bali/letter/ca/Ca_202.jpg,ca,202,train
../data/raw/Bali/letter/ca/Ca_27.jpg,ca,27,train
../data/raw/Bali/letter/ca/Ca_33.jpg,ca,33,train
../data/raw/Bali/letter/ca/Ca_160.jpg,ca,160,train
../data/raw/Bali/letter/ca/Ca_174.jpg,ca,174,train
../data/raw/Bali/letter/ca/Ca_148.jpg,ca,148,train
../data/raw/Bali/letter/ca/Ca_149.jpg,ca,149,test
../data/raw/Bali/letter/ca/Ca_175.jpg,ca,175,train
../data/raw/Bali/letter/ca/Ca_161.jpg,ca,161,test
../data/raw/Bali/letter/ca/Ca_32.jpg,ca,32,train
../data/raw/Bali/letter/ca/Ca_26.jpg,ca,26,train
../data/raw/Bali/letter/ca/Ca_203.jpg,ca,203,validation
../data/raw/Bali/letter/ca/Ca_217.jpg,ca,217,test
../data/raw/Bali/letter/ca/Ca_201.jpg,ca,201,validation
../data/raw/Bali/letter/ca/Ca_215.jpg,ca,215,validation
../data/raw/Bali/letter/ca/Ca_18.jpg,ca,18,train
../data/raw/Bali/letter/ca/Ca_30.jpg,ca,30,validation
../data/raw/Bali/letter/ca/Ca_24.jpg,ca,24,train
../data/raw/Bali/letter/ca/Ca_229.jpg,ca,229,train
../data/raw/Bali/letter/ca/Ca_177.jpg,ca,177,train
../data/raw/Bali/letter/ca/Ca_163.jpg,ca,163,train
../data/raw/Bali/letter/ca/Ca_188.jpg,ca,188,train
../data/raw/Bali/letter/ca/Ca_189.jpg,ca,189,train
../data/raw/Bali/letter/ca/Ca_162.jpg,ca,162,train
../data/raw/Bali/letter/ca/Ca_176.jpg,ca,176,train
../data/raw/Bali/letter/ca/Ca_228.jpg,ca,228,validation
../data/raw/Bali/letter/ca/Ca_25.jpg,ca,25,train
../data/raw/Bali/letter/ca/Ca_31.jpg,ca,31,test
../data/raw/Bali/letter/ca/Ca_19.jpg,ca,19,train
../data/raw/Bali/letter/ca/Ca_214.jpg,ca,214,train
../data/raw/Bali/letter/ca/Ca_200.jpg,ca,200,test
../data/raw/Bali/letter/ca/Ca_56.jpg,ca,56,train
../data/raw/Bali/letter/ca/Ca_42.jpg,ca,42,train
../data/raw/Bali/letter/ca/Ca_95.jpg,ca,95,train
../data/raw/Bali/letter/ca/Ca_81.jpg,ca,81,validation
../data/raw/Bali/letter/ca/Ca_139.jpg,ca,139,train
../data/raw/Bali/letter/ca/Ca_111.jpg,ca,111,train
../data/raw/Bali/letter/ca/Ca_105.jpg,ca,105,train
../data/raw/Bali/letter/ca/Ca_104.jpg,ca,104,validation
../data/raw/Bali/letter/ca/Ca_110.jpg,ca,110,train
../data/raw/Bali/letter/ca/Ca_138.jpg,ca,138,train
../data/raw/Bali/letter/ca/Ca_80.jpg,ca,80,test
../data/raw/Bali/letter/ca/Ca_94.jpg,ca,94,train
../data/raw/Bali/letter/ca/Ca_43.jpg,ca,43,test
../data/raw/Bali/letter/ca/Ca_57.jpg,ca,57,train
../data/raw/Bali/letter/ca/Ca_41.jpg,ca,41,train
../data/raw/Bali/letter/ca/Ca_55.jpg,ca,55,train
../data/raw/Bali/letter/ca/Ca_69.jpg,ca,69,validation
../data/raw/Bali/letter/ca/Ca_82.jpg,ca,82,train
../data/raw/Bali/letter/ca/Ca_96.jpg,ca,96,train
../data/raw/Bali/letter/ca/Ca_106.jpg,ca,106,train
../data/raw/Bali/letter/ca/Ca_112.jpg,ca,112,train
../data/raw/Bali/letter/ca/Ca_113.jpg,ca,113,test
../data/raw/Bali/letter/ca/Ca_107.jpg,ca,107,test
../data/raw/Bali/letter/ca/Ca_97.jpg,ca,97,train
../data/raw/Bali/letter/ca/Ca_83.jpg,ca,83,train
../data/raw/Bali/letter/ca/Ca_68.jpg,ca,68,train
../data/raw/Bali/letter/ca/Ca_54.jpg,ca,54,train
../data/raw/Bali/letter/ca/Ca_40.jpg,ca,40,train
../data/raw/Bali/letter/ca/Ca_78.jpg,ca,78,train
../data/raw/Bali/letter/ca/Ca_249.jpg,ca,249,train
../data/raw/Bali/letter/ca/Ca_44.jpg,ca,44,train
../data/raw/Bali/letter/ca/Ca_50.jpg,ca,50,train
../data/raw/Bali/letter/ca/Ca_87.jpg,ca,87,validation
../data/raw/Bali/letter/ca/Ca_93.jpg,ca,93,test
../data/raw/Bali/letter/ca/Ca_103.jpg,ca,103,test
../data/raw/Bali/letter/ca/Ca_117.jpg,ca,117,validation
../data/raw/Bali/letter/ca/Ca_116.jpg,ca,116,test
../data/raw/Bali/letter/ca/Ca_102.jpg,ca,102,test
../data/raw/Bali/letter/ca/Ca_92.jpg,ca,92,train
../data/raw/Bali/letter/ca/Ca_86.jpg,ca,86,train
../data/raw/Bali/letter/ca/Ca_51.jpg,ca,51,train
../data/raw/Bali/letter/ca/Ca_45.jpg,ca,45,validation
../data/raw/Bali/letter/ca/Ca_248.jpg,ca,248,train
../data/raw/Bali/letter/ca/Ca_79.jpg,ca,79,train
../data/raw/Bali/letter/ca/Ca_53.jpg,ca,53,test
../data/raw/Bali/letter/ca/Ca_47.jpg,ca,47,train
../data/raw/Bali/letter/ca/Ca_90.jpg,ca,90,train
../data/raw/Bali/letter/ca/Ca_84.jpg,ca,84,test
../data/raw/Bali/letter/ca/Ca_114.jpg,ca,114,train
../data/raw/Bali/letter/ca/Ca_100.jpg,ca,100,train
../data/raw/Bali/letter/ca/Ca_128.jpg,ca,128,train
../data/raw/Bali/letter/ca/Ca_129.jpg,ca,129,train
../data/raw/Bali/letter/ca/Ca_101.jpg,ca,101,train
../data/raw/Bali/letter/ca/Ca_115.jpg,ca,115,train
../data/raw/Bali/letter/ca/Ca_85.jpg,ca,85,train
../data/raw/Bali/letter/ca/Ca_91.jpg,ca,91,train
../data/raw/Bali/letter/ca/Ca_46.jpg,ca,46,validation
../data/raw/Bali/letter/ca/Ca_52.jpg,ca,52,train
../data/raw/Bali/letter/ca/Ca_77.jpg,ca,77,train
../data/raw/Bali/letter/ca/Ca_63.jpg,ca,63,train
../data/raw/Bali/letter/ca/Ca_246.jpg,ca,246,validation
../data/raw/Bali/letter/ca/Ca_88.jpg,ca,88,train
../data/raw/Bali/letter/ca/Ca_118.jpg,ca,118,train
../data/raw/Bali/letter/ca/Ca_130.jpg,ca,130,validation
../data/raw/Bali/letter/ca/Ca_124.jpg,ca,124,test
../data/raw/Bali/letter/ca/Ca_125.jpg,ca,125,test
../data/raw/Bali/letter/ca/Ca_131.jpg,ca,131,train
../data/raw/Bali/letter/ca/Ca_119.jpg,ca,119,validation
../data/raw/Bali/letter/ca/Ca_89.jpg,ca,89,validation
../data/raw/Bali/letter/ca/Ca_247.jpg,ca,247,train
../data/raw/Bali/letter/ca/Ca_62.jpg,ca,62,validation
../data/raw/Bali/letter/ca/Ca_76.jpg,ca,76,validation
../data/raw/Bali/letter/ca/Ca_60.jpg,ca,60,train
../data/raw/Bali/letter/ca/Ca_74.jpg,ca,74,train
../data/raw/Bali/letter/ca/Ca_251.jpg,ca,251,train
../data/raw/Bali/letter/ca/Ca_48.jpg,ca,48,test
../data/raw/Bali/letter/ca/Ca_245.jpg,ca,245,train
../data/raw/Bali/letter/ca/Ca_127.jpg,ca,127,validation
../data/raw/Bali/letter/ca/Ca_133.jpg,ca,133,train
../data/raw/Bali/letter/ca/Ca_132.jpg,ca,132,train
../data/raw/Bali/letter/ca/Ca_126.jpg,ca,126,validation
../data/raw/Bali/letter/ca/Ca_244.jpg,ca,244,train
../data/raw/Bali/letter/ca/Ca_49.jpg,ca,49,train
../data/raw/Bali/letter/ca/Ca_250.jpg,ca,250,train
../data/raw/Bali/letter/ca/Ca_75.jpg,ca,75,test
../data/raw/Bali/letter/ca/Ca_61.jpg,ca,61,test
../data/raw/Bali/letter/ca/Ca_59.jpg,ca,59,train
../data/raw/Bali/letter/ca/Ca_240.jpg,ca,240,validation
../data/raw/Bali/letter/ca/Ca_65.jpg,ca,65,train
../data/raw/Bali/letter/ca/Ca_71.jpg,ca,71,train
../data/raw/Bali/letter/ca/Ca_122.jpg,ca,122,train
../data/raw/Bali/letter/ca/Ca_136.jpg,ca,136,validation
../data/raw/Bali/letter/ca/Ca_137.jpg,ca,137,train
../data/raw/Bali/letter/ca/Ca_123.jpg,ca,123,validation
../data/raw/Bali/letter/ca/Ca_70.jpg,ca,70,train
../data/raw/Bali/letter/ca/Ca_64.jpg,ca,64,train
../data/raw/Bali/letter/ca/Ca_241.jpg,ca,241,train
../data/raw/Bali/letter/ca/Ca_58.jpg,ca,58,train
../data/raw/Bali/letter/ca/Ca_243.jpg,ca,243,train
../data/raw/Bali/letter/ca/Ca_72.jpg,ca,72,train
../data/raw/Bali/letter/ca/Ca_66.jpg,ca,66,train
../data/raw/Bali/letter/ca/Ca_99.jpg,ca,99,train
../data/raw/Bali/letter/ca/Ca_135.jpg,ca,135,test
../data/raw/Bali/letter/ca/Ca_121.jpg,ca,121,train
../data/raw/Bali/letter/ca/Ca_109.jpg,ca,109,validation
../data/raw/Bali/letter/ca/Ca_108.jpg,ca,108,train
../data/raw/Bali/letter/ca/Ca_120.jpg,ca,120,train
../data/raw/Bali/letter/ca/Ca_134.jpg,ca,134,train
../data/raw/Bali/letter/ca/Ca_98.jpg,ca,98,train
../data/raw/Bali/letter/ca/Ca_67.jpg,ca,67,train
../data/raw/Bali/letter/ca/Ca_73.jpg,ca,73,train
../data/raw/Bali/letter/ca/Ca_242.jpg,ca,242,train
../data/raw/Bali/letter/ca/Ca_14.jpg,ca,14,train
../data/raw/Bali/letter/ca/Ca_219.jpg,ca,219,test
../data/raw/Bali/letter/ca/Ca_225.jpg,ca,225,train
../data/raw/Bali/letter/ca/Ca_28.jpg,ca,28,validation
../data/raw/Bali/letter/ca/Ca_231.jpg,ca,231,test
../data/raw/Bali/letter/ca/Ca_2.jpg,ca,2,train
../data/raw/Bali/letter/ca/Ca_153.jpg,ca,153,validation
../data/raw/Bali/letter/ca/Ca_147.jpg,ca,147,train
../data/raw/Bali/letter/ca/Ca_190.jpg,ca,190,train
../data/raw/Bali/letter/ca/Ca_184.jpg,ca,184,train
../data/raw/Bali/letter/ca/Ca_185.jpg,ca,185,train
../data/raw/Bali/letter/ca/Ca_191.jpg,ca,191,train
../data/raw/Bali/letter/ca/Ca_146.jpg,ca,146,train
../data/raw/Bali/letter/ca/Ca_152.jpg,ca,152,test
../data/raw/Bali/letter/ca/Ca_3.jpg,ca,3,test
../data/raw/Bali/letter/ca/Ca_230.jpg,ca,230,train
../data/raw/Bali/letter/ca/Ca_29.jpg,ca,29,train
../data/raw/Bali/letter/ca/Ca_224.jpg,ca,224,test
../data/raw/Bali/letter/ca/Ca_218.jpg,ca,218,test
../data/raw/Bali/letter/ca/Ca_15.jpg,ca,15,train
../data/raw/Bali/letter/ca/Ca_17.jpg,ca,17,train
../data/raw/Bali/letter/ca/Ca_232.jpg,ca,232,train
../data/raw/Bali/letter/ca/Ca_226.jpg,ca,226,train
../data/raw/Bali/letter/ca/Ca_1.jpg,ca,1,train
../data/raw/Bali/letter/ca/Ca_178.jpg,ca,178,train
../data/raw/Bali/letter/ca/Ca_144.jpg,ca,144,validation
../data/raw/Bali/letter/ca/Ca_150.jpg,ca,150,test
../data/raw/Bali/letter/ca/Ca_187.jpg,ca,187,train
../data/raw/Bali/letter/ca/Ca_193.jpg,ca,193,train
../data/raw/Bali/letter/ca/Ca_192.jpg,ca,192,train
../data/raw/Bali/letter/ca/Ca_186.jpg,ca,186,train
../data/raw/Bali/letter/ca/Ca_151.jpg,ca,151,train
../data/raw/Bali/letter/ca/Ca_145.jpg,ca,145,train
../data/raw/Bali/letter/ca/Ca_179.jpg,ca,179,train
../data/raw/Bali/letter/ca/Ca_227.jpg,ca,227,train
../data/raw/Bali/letter/ca/Ca_233.jpg,ca,233,train
../data/raw/Bali/letter/ca/Ca_16.jpg,ca,16,test
../data/raw/Bali/letter/ca/Ca_237.jpg,ca,237,train
../data/raw/Bali/letter/ca/Ca_223.jpg,ca,223,train
../data/raw/Bali/letter/ca/Ca_12.jpg,ca,12,train
../data/raw/Bali/letter/ca/Ca_4.jpg,ca,4,test
../data/raw/Bali/letter/ca/Ca_141.jpg,ca,141,train
../data/raw/Bali/letter/ca/Ca_155.jpg,ca,155,train
../data/raw/Bali/letter/ca/Ca_169.jpg,ca,169,train
../data/raw/Bali/letter/ca/Ca_182.jpg,ca,182,train
../data/raw/Bali/letter/ca/Ca_196.jpg,ca,196,validation
../data/raw/Bali/letter/ca/Ca_197.jpg,ca,197,train
../data/raw/Bali/letter/ca/Ca_183.jpg,ca,183,train
../data/raw/Bali/letter/ca/Ca_168.jpg,ca,168,validation
../data/raw/Bali/letter/ca/Ca_154.jpg,ca,154,train
../data/raw/Bali/letter/ca/Ca_140.jpg,ca,140,train
../data/raw/Bali/letter/ca/Ca_5.jpg,ca,5,test
../data/raw/Bali/letter/ca/Ca_13.jpg,ca,13,validation
../data/raw/Bali/letter/ca/Ca_222.jpg,ca,222,train
../data/raw/Bali/letter/ca/Ca_236.jpg,ca,236,train
../data/raw/Bali/letter/ca/Ca_220.jpg,ca,220,test
../data/raw/Bali/letter/ca/Ca_39.jpg,ca,39,test
../data/raw/Bali/letter/ca/Ca_234.jpg,ca,234,train
../data/raw/Bali/letter/ca/Ca_11.jpg,ca,11,test
../data/raw/Bali/letter/ca/Ca_208.jpg,ca,208,validation
../data/raw/Bali/letter/ca/Ca_7.jpg,ca,7,train
../data/raw/Bali/letter/ca/Ca_156.jpg,ca,156,test
../data/raw/Bali/letter/ca/Ca_142.jpg,ca,142,test
../data/raw/Bali/letter/ca/Ca_195.jpg,ca,195,validation
../data/raw/Bali/letter/ca/Ca_181.jpg,ca,181,validation
../data/raw/Bali/letter/ca/Ca_180.jpg,ca,180,train
../data/raw/Bali/letter/ca/Ca_194.jpg,ca,194,validation
../data/raw/Bali/letter/ca/Ca_143.jpg,ca,143,train
../data/raw/Bali/letter/ca/Ca_157.jpg,ca,157,train
../data/raw/Bali/letter/ca/Ca_6.jpg,ca,6,test
../data/raw/Bali/letter/ca/Ca_209.jpg,ca,209,test
../data/raw/Bali/letter/ca/Ca_10.jpg,ca,10,validation
../data/raw/Bali/letter/ca/Ca_235.jpg,ca,235,train
../data/raw/Bali/letter/ca/Ca_38.jpg,ca,38,train
../data/raw/Bali/letter/ca/Ca_221.jpg,ca,221,train
../data/raw/Bali/letter/da/Da_249.jpg,da,249,train
../data/raw/Bali/letter/da/Da_75.jpg,da,75,test
../data/raw/Bali/letter/da/Da_61.jpg,da,61,test
../data/raw/Bali/letter/da/Da_49.jpg,da,49,train
../data/raw/Bali/letter/da/Da_2.jpg,da,2,train
../data/raw/Bali/letter/da/Da_103.jpg,da,103,test
../data/raw/Bali/letter/da/Da_117.jpg,da,117,validation
../data/raw/Bali/letter/da/Da_116.jpg,da,116,test
../data/raw/Bali/letter/da/Da_102.jpg,da,102,test
../data/raw/Bali/letter/da/Da_3.jpg,da,3,test
../data/raw/Bali/letter/da/Da_48.jpg,da,48,test
../data/raw/Bali/letter/da/Da_60.jpg,da,60,train
../data/raw/Bali/letter/da/Da_74.jpg,da,74,train
../data/raw/Bali/letter/da/Da_248.jpg,da,248,train
../data/raw/Bali/letter/da/Da_89.jpg,da,89,validation
../data/raw/Bali/letter/da/Da_62.jpg,da,62,validation
../data/raw/Bali/letter/da/Da_76.jpg,da,76,validation
../data/raw/Bali/letter/da/Da_1.jpg,da,1,train
../data/raw/Bali/letter/da/Da_114.jpg,da,114,train
../data/raw/Bali/letter/da/Da_100.jpg,da,100,train
../data/raw/Bali/letter/da/Da_128.jpg,da,128,train
../data/raw/Bali/letter/da/Da_129.jpg,da,129,train
../data/raw/Bali/letter/da/Da_101.jpg,da,101,train
../data/raw/Bali/letter/da/Da_115.jpg,da,115,train
../data/raw/Bali/letter/da/Da_77.jpg,da,77,train
../data/raw/Bali/letter/da/Da_63.jpg,da,63,train
../data/raw/Bali/letter/da/Da_98.jpg,da,98,train
../data/raw/Bali/letter/da/Da_4.jpg,da,4,test
../data/raw/Bali/letter/da/Da_73.jpg,da,73,train
../data/raw/Bali/letter/da/Da_139.jpg,da,139,train
../data/raw/Bali/letter/da/Da_111.jpg,da,111,train
../data/raw/Bali/letter/da/Da_105.jpg,da,105,train
../data/raw/Bali/letter/da/Da_104.jpg,da,104,validation
../data/raw/Bali/letter/da/Da_110.jpg,da,110,train
../data/raw/Bali/letter/da/Da_138.jpg,da,138,train
../data/raw/Bali/letter/da/Da_72.jpg,da,72,train
../data/raw/Bali/letter/da/Da_66.jpg,da,66,train
../data/raw/Bali/letter/da/Da_5.jpg,da,5,test
../data/raw/Bali/letter/da/Da_99.jpg,da,99,train
../data/raw/Bali/letter/da/Da_58.jpg,da,58,train
../data/raw/Bali/letter/da/Da_7.jpg,da,7,train
../data/raw/Bali/letter/da/Da_70.jpg,da,70,train
../data/raw/Bali/letter/da/Da_106.jpg,da,106,train
../data/raw/Bali/letter/da/Da_112.jpg,da,112,train
../data/raw/Bali/letter/da/Da_113.jpg,da,113,test
../data/raw/Bali/letter/da/Da_107.jpg,da,107,test
../data/raw/Bali/letter/da/Da_65.jpg,da,65,train
../data/raw/Bali/letter/da/Da_71.jpg,da,71,train
../data/raw/Bali/letter/da/Da_6.jpg,da,6,test
../data/raw/Bali/letter/da/Da_59.jpg,da,59,train
../data/raw/Bali/letter/da/Da_216.jpg,da,216,train
../data/raw/Bali/letter/da/Da_202.jpg,da,202,train
../data/raw/Bali/letter/da/Da_16.jpg,da,16,test
../data/raw/Bali/letter/da/Da_160.jpg,da,160,train
../data/raw/Bali/letter/da/Da_174.jpg,da,174,train
../data/raw/Bali/letter/da/Da_148.jpg,da,148,train
../data/raw/Bali/letter/da/Da_149.jpg,da,149,test
../data/raw/Bali/letter/da/Da_175.jpg,da,175,train
../data/raw/Bali/letter/da/Da_161.jpg,da,161,test
../data/raw/Bali/letter/da/Da_17.jpg,da,17,train
../data/raw/Bali/letter/da/Da_203.jpg,da,203,validation
../data/raw/Bali/letter/da/Da_217.jpg,da,217,test
../data/raw/Bali/letter/da/Da_201.jpg,da,201,validation
../data/raw/Bali/letter/da/Da_215.jpg,da,215,validation
../data/raw/Bali/letter/da/Da_229.jpg,da,229,train
../data/raw/Bali/letter/da/Da_15.jpg,da,15,train
../data/raw/Bali/letter/da/Da_29.jpg,da,29,train
../data/raw/Bali/letter/da/Da_177.jpg,da,177,train
../data/raw/Bali/letter/da/Da_163.jpg,da,163,train
../data/raw/Bali/letter/da/Da_188.jpg,da,188,train
../data/raw/Bali/letter/da/Da_189.jpg,da,189,train
../data/raw/Bali/letter/da/Da_162.jpg,da,162,train
../data/raw/Bali/letter/da/Da_176.jpg,da,176,train
../data/raw/Bali/letter/da/Da_28.jpg,da,28,validation
../data/raw/Bali/letter/da/Da_14.jpg,da,14,train
../data/raw/Bali/letter/da/Da_228.jpg,da,228,validation
../data/raw/Bali/letter/da/Da_214.jpg,da,214,train
../data/raw/Bali/letter/da/Da_200.jpg,da,200,test
../data/raw/Bali/letter/da/Da_238.jpg,da,238,train
../data/raw/Bali/letter/da/Da_204.jpg,da,204,train
../data/raw/Bali/letter/da/Da_210.jpg,da,210,train
../data/raw/Bali/letter/da/Da_38.jpg,da,38,train
../data/raw/Bali/letter/da/Da_10.jpg,da,10,validation
../data/raw/Bali/letter/da/Da_172.jpg,da,172,train
../data/raw/Bali/letter/da/Da_166.jpg,da,166,train
../data/raw/Bali/letter/da/Da_199.jpg,da,199,train
../data/raw/Bali/letter/da/Da_198.jpg,da,198,train
../data/raw/Bali/letter/da/Da_167.jpg,da,167,train
../data/raw/Bali/letter/da/Da_173.jpg,da,173,train
../data/raw/Bali/letter/da/Da_11.jpg,da,11,test
../data/raw/Bali/letter/da/Da_39.jpg,da,39,test
../data/raw/Bali/letter/da/Da_211.jpg,da,211,train
../data/raw/Bali/letter/da/Da_205.jpg,da,205,train
../data/raw/Bali/letter/da/Da_239.jpg,da,239,train
../data/raw/Bali/letter/da/Da_213.jpg,da,213,train
../data/raw/Bali/letter/da/Da_207.jpg,da,207,train
../data/raw/Bali/letter/da/Da_13.jpg,da,13,validation
../data/raw/Bali/letter/da/Da_159.jpg,da,159,validation
../data/raw/Bali/letter/da/Da_165.jpg,da,165,train
../data/raw/Bali/letter/da/Da_171.jpg,da,171,train
../data/raw/Bali/letter/da/Da_170.jpg,da,170,train
../data/raw/Bali/letter/da/Da_164.jpg,da,164,train
../data/raw/Bali/letter/da/Da_158.jpg,da,158,train
../data/raw/Bali/letter/da/Da_12.jpg,da,12,train
../data/raw/Bali/letter/da/Da_206.jpg,da,206,train
../data/raw/Bali/letter/da/Da_212.jpg,da,212,validation
../data/raw/Bali/letter/da/Da_237.jpg,da,237,train
../data/raw/Bali/letter/da/Da_223.jpg,da,223,train
../data/raw/Bali/letter/da/Da_37.jpg,da,37,train
../data/raw/Bali/letter/da/Da_23.jpg,da,23,train
../data/raw/Bali/letter/da/Da_141.jpg,da,141,train
../data/raw/Bali/letter/da/Da_155.jpg,da,155,train
../data/raw/Bali/letter/da/Da_169.jpg,da,169,train
../data/raw/Bali/letter/da/Da_182.jpg,da,182,train
../data/raw/Bali/letter/da/Da_196.jpg,da,196,validation
../data/raw/Bali/letter/da/Da_197.jpg,da,197,train
../data/raw/Bali/letter/da/Da_183.jpg,da,183,train
../data/raw/Bali/letter/da/Da_168.jpg,da,168,validation
../data/raw/Bali/letter/da/Da_154.jpg,da,154,train
../data/raw/Bali/letter/da/Da_140.jpg,da,140,train
../data/raw/Bali/letter/da/Da_22.jpg,da,22,validation
../data/raw/Bali/letter/da/Da_36.jpg,da,36,train
../data/raw/Bali/letter/da/Da_222.jpg,da,222,train
../data/raw/Bali/letter/da/Da_236.jpg,da,236,train
../data/raw/Bali/letter/da/Da_220.jpg,da,220,test
../data/raw/Bali/letter/da/Da_234.jpg,da,234,train
../data/raw/Bali/letter/da/Da_208.jpg,da,208,validation
../data/raw/Bali/letter/da/Da_20.jpg,da,20,train
../data/raw/Bali/letter/da/Da_34.jpg,da,34,train
../data/raw/Bali/letter/da/Da_156.jpg,da,156,test
../data/raw/Bali/letter/da/Da_142.jpg,da,142,test
../data/raw/Bali/letter/da/Da_195.jpg,da,195,validation
../data/raw/Bali/letter/da/Da_181.jpg,da,181,validation
../data/raw/Bali/letter/da/Da_180.jpg,da,180,train
../data/raw/Bali/letter/da/Da_194.jpg,da,194,validation
../data/raw/Bali/letter/da/Da_143.jpg,da,143,train
../data/raw/Bali/letter/da/Da_157.jpg,da,157,train
../data/raw/Bali/letter/da/Da_35.jpg,da,35,train
../data/raw/Bali/letter/da/Da_21.jpg,da,21,train
../data/raw/Bali/letter/da/Da_209.jpg,da,209,test
../data/raw/Bali/letter/da/Da_235.jpg,da,235,train
../data/raw/Bali/letter/da/Da_221.jpg,da,221,train
../data/raw/Bali/letter/da/Da_219.jpg,da,219,test
../data/raw/Bali/letter/da/Da_225.jpg,da,225,train
../data/raw/Bali/letter/da/Da_231.jpg,da,231,test
../data/raw/Bali/letter/da/Da_19.jpg,da,19,train
../data/raw/Bali/letter/da/Da_25.jpg,da,25,train
../data/raw/Bali/letter/da/Da_31.jpg,da,31,test
../data/raw/Bali/letter/da/Da_153.jpg,da,153,validation
../data/raw/Bali/letter/da/Da_147.jpg,da,147,train
../data/raw/Bali/letter/da/Da_190.jpg,da,190,train
../data/raw/Bali/letter/da/Da_184.jpg,da,184,train
../data/raw/Bali/letter/da/Da_185.jpg,da,185,train
../data/raw/Bali/letter/da/Da_191.jpg,da,191,train
../data/raw/Bali/letter/da/Da_146.jpg,da,146,train
../data/raw/Bali/letter/da/Da_152.jpg,da,152,test
../data/raw/Bali/letter/da/Da_30.jpg,da,30,validation
../data/raw/Bali/letter/da/Da_24.jpg,da,24,train
../data/raw/Bali/letter/da/Da_18.jpg,da,18,train
../data/raw/Bali/letter/da/Da_230.jpg,da,230,train
../data/raw/Bali/letter/da/Da_224.jpg,da,224,test
../data/raw/Bali/letter/da/Da_218.jpg,da,218,test
../data/raw/Bali/letter/da/Da_232.jpg,da,232,train
../data/raw/Bali/letter/da/Da_226.jpg,da,226,train
../data/raw/Bali/letter/da/Da_32.jpg,da,32,train
../data/raw/Bali/letter/da/Da_26.jpg,da,26,train
../data/raw/Bali/letter/da/Da_178.jpg,da,178,train
../data/raw/Bali/letter/da/Da_144.jpg,da,144,validation
../data/raw/Bali/letter/da/Da_150.jpg,da,150,test
../data/raw/Bali/letter/da/Da_187.jpg,da,187,train
../data/raw/Bali/letter/da/Da_193.jpg,da,193,train
../data/raw/Bali/letter/da/Da_192.jpg,da,192,train
../data/raw/Bali/letter/da/Da_186.jpg,da,186,train
../data/raw/Bali/letter/da/Da_151.jpg,da,151,train
../data/raw/Bali/letter/da/Da_145.jpg,da,145,train
../data/raw/Bali/letter/da/Da_179.jpg,da,179,train
../data/raw/Bali/letter/da/Da_27.jpg,da,27,train
../data/raw/Bali/letter/da/Da_33.jpg,da,33,train
../data/raw/Bali/letter/da/Da_227.jpg,da,227,train
../data/raw/Bali/letter/da/Da_233.jpg,da,233,train
../data/raw/Bali/letter/da/Da_97.jpg,da,97,train
../data/raw/Bali/letter/da/Da_240.jpg,da,240,validation
../data/raw/Bali/letter/da/Da_83.jpg,da,83,train
../data/raw/Bali/letter/da/Da_54.jpg,da,54,train
../data/raw/Bali/letter/da/Da_40.jpg,da,40,train
../data/raw/Bali/letter/da/Da_68.jpg,da,68,train
../data/raw/Bali/letter/da/Da_122.jpg,da,122,train
../data/raw/Bali/letter/da/Da_136.jpg,da,136,validation
../data/raw/Bali/letter/da/Da_137.jpg,da,137,train
../data/raw/Bali/letter/da/Da_123.jpg,da,123,validation
../data/raw/Bali/letter/da/Da_69.jpg,da,69,validation
../data/raw/Bali/letter/da/Da_41.jpg,da,41,train
../data/raw/Bali/letter/da/Da_55.jpg,da,55,train
../data/raw/Bali/letter/da/Da_82.jpg,da,82,train
../data/raw/Bali/letter/da/Da_241.jpg,da,241,train
../data/raw/Bali/letter/da/Da_96.jpg,da,96,train
../data/raw/Bali/letter/da/Da_243.jpg,da,243,train
../data/raw/Bali/letter/da/Da_80.jpg,da,80,test
../data/raw/Bali/letter/da/Da_94.jpg,da,94,train
../data/raw/Bali/letter/da/Da_43.jpg,da,43,test
../data/raw/Bali/letter/da/Da_8.jpg,da,8,train
../data/raw/Bali/letter/da/Da_57.jpg,da,57,train
../data/raw/Bali/letter/da/Da_135.jpg,da,135,test
../data/raw/Bali/letter/da/Da_121.jpg,da,121,train
../data/raw/Bali/letter/da/Da_109.jpg,da,109,validation
../data/raw/Bali/letter/da/Da_108.jpg,da,108,train
../data/raw/Bali/letter/da/Da_120.jpg,da,120,train
../data/raw/Bali/letter/da/Da_134.jpg,da,134,train
../data/raw/Bali/letter/da/Da_56.jpg,da,56,train
../data/raw/Bali/letter/da/Da_9.jpg,da,9,train
../data/raw/Bali/letter/da/Da_42.jpg,da,42,train
../data/raw/Bali/letter/da/Da_95.jpg,da,95,train
../data/raw/Bali/letter/da/Da_81.jpg,da,81,validation
../data/raw/Bali/letter/da/Da_242.jpg,da,242,train
../data/raw/Bali/letter/da/Da_246.jpg,da,246,validation
../data/raw/Bali/letter/da/Da_85.jpg,da,85,train
../data/raw/Bali/letter/da/Da_91.jpg,da,91,train
../data/raw/Bali/letter/da/Da_46.jpg,da,46,validation
../data/raw/Bali/letter/da/Da_52.jpg,da,52,train
../data/raw/Bali/letter/da/Da_118.jpg,da,118,train
../data/raw/Bali/letter/da/Da_130.jpg,da,130,validation
../data/raw/Bali/letter/da/Da_124.jpg,da,124,test
../data/raw/Bali/letter/da/Da_125.jpg,da,125,test
../data/raw/Bali/letter/da/Da_131.jpg,da,131,train
../data/raw/Bali/letter/da/Da_119.jpg,da,119,validation
../data/raw/Bali/letter/da/Da_53.jpg,da,53,test
../data/raw/Bali/letter/da/Da_47.jpg,da,47,train
../data/raw/Bali/letter/da/Da_90.jpg,da,90,train
../data/raw/Bali/letter/da/Da_84.jpg,da,84,test
../data/raw/Bali/letter/da/Da_247.jpg,da,247,train
../data/raw/Bali/letter/da/Da_92.jpg,da,92,train
../data/raw/Bali/letter/da/Da_245.jpg,da,245,train
../data/raw/Bali/letter/da/Da_86.jpg,da,86,train
../data/raw/Bali/letter/da/Da_79.jpg,da,79,train
../data/raw/Bali/letter/da/Da_51.jpg,da,51,train
../data/raw/Bali/letter/da/Da_45.jpg,da,45,validation
../data/raw/Bali/letter/da/Da_127.jpg,da,127,validation
../data/raw/Bali/letter/da/Da_133.jpg,da,133,train
../data/raw/Bali/letter/da/Da_132.jpg,da,132,train
../data/raw/Bali/letter/da/Da_126.jpg,da,126,validation
../data/raw/Bali/letter/da/Da_44.jpg,da,44,train
../data/raw/Bali/letter/da/Da_50.jpg,da,50,train
../data/raw/Bali/letter/da/Da_78.jpg,da,78,train
../data/raw/Bali/letter/da/Da_87.jpg,da,87,validation
../data/raw/Bali/letter/da/Da_244.jpg,da,244,train
../data/raw/Bali/letter/da/Da_93.jpg,da,93,test
../data/raw/Bali/letter/ga/Ga_232.jpg,ga,232,train
../data/raw/Bali/letter/ga/Ga_226.jpg,ga,226,train
../data/raw/Bali/letter/ga/Ga_15.jpg,ga,15,train
../data/raw/Bali/letter/ga/Ga_29.jpg,ga,29,train
../data/raw/Bali/letter/ga/Ga_187.jpg,ga,187,train
../data/raw/Bali/letter/ga/Ga_193.jpg,ga,193,train
../data/raw/Bali/letter/ga/Ga_178.jpg,ga,178,train
../data/raw/Bali/letter/ga/Ga_144.jpg,ga,144,validation
../data/raw/Bali/letter/ga/Ga_150.jpg,ga,150,test
../data/raw/Bali/letter/ga/Ga_151.jpg,ga,151,train
../data/raw/Bali/letter/ga/Ga_145.jpg,ga,145,train
../data/raw/Bali/letter/ga/Ga_179.jpg,ga,179,train
../data/raw/Bali/letter/ga/Ga_192.jpg,ga,192,train
../data/raw/Bali/letter/ga/Ga_186.jpg,ga,186,train
../data/raw/Bali/letter/ga/Ga_28.jpg,ga,28,validation
../data/raw/Bali/letter/ga/Ga_14.jpg,ga,14,train
../data/raw/Bali/letter/ga/Ga_227.jpg,ga,227,train
../data/raw/Bali/letter/ga/Ga_233.jpg,ga,233,train
../data/raw/Bali/letter/ga/Ga_219.jpg,ga,219,test
../data/raw/Bali/letter/ga/Ga_225.jpg,ga,225,train
../data/raw/Bali/letter/ga/Ga_231.jpg,ga,231,test
../data/raw/Bali/letter/ga/Ga_16.jpg,ga,16,test
../data/raw/Bali/letter/ga/Ga_190.jpg,ga,190,train
../data/raw/Bali/letter/ga/Ga_184.jpg,ga,184,train
../data/raw/Bali/letter/ga/Ga_153.jpg,ga,153,validation
../data/raw/Bali/letter/ga/Ga_147.jpg,ga,147,train
../data/raw/Bali/letter/ga/Ga_146.jpg,ga,146,train
../data/raw/Bali/letter/ga/Ga_152.jpg,ga,152,test
../data/raw/Bali/letter/ga/Ga_185.jpg,ga,185,train
../data/raw/Bali/letter/ga/Ga_191.jpg,ga,191,train
../data/raw/Bali/letter/ga/Ga_17.jpg,ga,17,train
../data/raw/Bali/letter/ga/Ga_230.jpg,ga,230,train
../data/raw/Bali/letter/ga/Ga_224.jpg,ga,224,test
../data/raw/Bali/letter/ga/Ga_218.jpg,ga,218,test
../data/raw/Bali/letter/ga/Ga_220.jpg,ga,220,test
../data/raw/Bali/letter/ga/Ga_234.jpg,ga,234,train
../data/raw/Bali/letter/ga/Ga_208.jpg,ga,208,validation
../data/raw/Bali/letter/ga/Ga_13.jpg,ga,13,validation
../data/raw/Bali/letter/ga/Ga_195.jpg,ga,195,validation
../data/raw/Bali/letter/ga/Ga_181.jpg,ga,181,validation
../data/raw/Bali/letter/ga/Ga_156.jpg,ga,156,test
../data/raw/Bali/letter/ga/Ga_142.jpg,ga,142,test
../data/raw/Bali/letter/ga/Ga_143.jpg,ga,143,train
../data/raw/Bali/letter/ga/Ga_157.jpg,ga,157,train
../data/raw/Bali/letter/ga/Ga_180.jpg,ga,180,train
../data/raw/Bali/letter/ga/Ga_194.jpg,ga,194,validation
../data/raw/Bali/letter/ga/Ga_12.jpg,ga,12,train
../data/raw/Bali/letter/ga/Ga_209.jpg,ga,209,test
../data/raw/Bali/letter/ga/Ga_235.jpg,ga,235,train
../data/raw/Bali/letter/ga/Ga_221.jpg,ga,221,train
../data/raw/Bali/letter/ga/Ga_237.jpg,ga,237,train
../data/raw/Bali/letter/ga/Ga_223.jpg,ga,223,train
../data/raw/Bali/letter/ga/Ga_38.jpg,ga,38,train
../data/raw/Bali/letter/ga/Ga_10.jpg,ga,10,validation
../data/raw/Bali/letter/ga/Ga_182.jpg,ga,182,train
../data/raw/Bali/letter/ga/Ga_196.jpg,ga,196,validation
../data/raw/Bali/letter/ga/Ga_141.jpg,ga,141,train
../data/raw/Bali/letter/ga/Ga_155.jpg,ga,155,train
../data/raw/Bali/letter/ga/Ga_169.jpg,ga,169,train
../data/raw/Bali/letter/ga/Ga_168.jpg,ga,168,validation
../data/raw/Bali/letter/ga/Ga_154.jpg,ga,154,train
../data/raw/Bali/letter/ga/Ga_140.jpg,ga,140,train
../data/raw/Bali/letter/ga/Ga_197.jpg,ga,197,train
../data/raw/Bali/letter/ga/Ga_183.jpg,ga,183,train
../data/raw/Bali/letter/ga/Ga_11.jpg,ga,11,test
../data/raw/Bali/letter/ga/Ga_39.jpg,ga,39,test
../data/raw/Bali/letter/ga/Ga_222.jpg,ga,222,train
../data/raw/Bali/letter/ga/Ga_236.jpg,ga,236,train
../data/raw/Bali/letter/ga/Ga_245.jpg,ga,245,train
../data/raw/Bali/letter/ga/Ga_62.jpg,ga,62,validation
../data/raw/Bali/letter/ga/Ga_76.jpg,ga,76,validation
../data/raw/Bali/letter/ga/Ga_89.jpg,ga,89,validation
../data/raw/Bali/letter/ga/Ga_127.jpg,ga,127,validation
../data/raw/Bali/letter/ga/Ga_133.jpg,ga,133,train
../data/raw/Bali/letter/ga/Ga_132.jpg,ga,132,train
../data/raw/Bali/letter/ga/Ga_126.jpg,ga,126,validation
../data/raw/Bali/letter/ga/Ga_88.jpg,ga,88,train
../data/raw/Bali/letter/ga/Ga_77.jpg,ga,77,train
../data/raw/Bali/letter/ga/Ga_63.jpg,ga,63,train
../data/raw/Bali/letter/ga/Ga_244.jpg,ga,244,train
../data/raw/Bali/letter/ga/Ga_246.jpg,ga,246,validation
../data/raw/Bali/letter/ga/Ga_75.jpg,ga,75,test
../data/raw/Bali/letter/ga/Ga_61.jpg,ga,61,test
../data/raw/Bali/letter/ga/Ga_49.jpg,ga,49,train
../data/raw/Bali/letter/ga/Ga_118.jpg,ga,118,train
../data/raw/Bali/letter/ga/Ga_130.jpg,ga,130,validation
../data/raw/Bali/letter/ga/Ga_124.jpg,ga,124,test
../data/raw/Bali/letter/ga/Ga_125.jpg,ga,125,test
../data/raw/Bali/letter/ga/Ga_131.jpg,ga,131,train
../data/raw/Bali/letter/ga/Ga_119.jpg,ga,119,validation
../data/raw/Bali/letter/ga/Ga_48.jpg,ga,48,test
../data/raw/Bali/letter/ga/Ga_60.jpg,ga,60,train
../data/raw/Bali/letter/ga/Ga_74.jpg,ga,74,train
../data/raw/Bali/letter/ga/Ga_243.jpg,ga,243,train
../data/raw/Bali/letter/ga/Ga_58.jpg,ga,58,train
../data/raw/Bali/letter/ga/Ga_70.jpg,ga,70,train
../data/raw/Bali/letter/ga/Ga_64.jpg,ga,64,train
../data/raw/Bali/letter/ga/Ga_135.jpg,ga,135,test
../data/raw/Bali/letter/ga/Ga_121.jpg,ga,121,train
../data/raw/Bali/letter/ga/Ga_109.jpg,ga,109,validation
../data/raw/Bali/letter/ga/Ga_108.jpg,ga,108,train
../data/raw/Bali/letter/ga/Ga_120.jpg,ga,120,train
../data/raw/Bali/letter/ga/Ga_134.jpg,ga,134,train
../data/raw/Bali/letter/ga/Ga_65.jpg,ga,65,train
../data/raw/Bali/letter/ga/Ga_71.jpg,ga,71,train
../data/raw/Bali/letter/ga/Ga_59.jpg,ga,59,train
../data/raw/Bali/letter/ga/Ga_242.jpg,ga,242,train
../data/raw/Bali/letter/ga/Ga_9.jpg,ga,9,train
../data/raw/Bali/letter/ga/Ga_240.jpg,ga,240,validation
../data/raw/Bali/letter/ga/Ga_67.jpg,ga,67,train
../data/raw/Bali/letter/ga/Ga_73.jpg,ga,73,train
../data/raw/Bali/letter/ga/Ga_98.jpg,ga,98,train
../data/raw/Bali/letter/ga/Ga_122.jpg,ga,122,train
../data/raw/Bali/letter/ga/Ga_136.jpg,ga,136,validation
../data/raw/Bali/letter/ga/Ga_137.jpg,ga,137,train
../data/raw/Bali/letter/ga/Ga_123.jpg,ga,123,validation
../data/raw/Bali/letter/ga/Ga_99.jpg,ga,99,train
../data/raw/Bali/letter/ga/Ga_72.jpg,ga,72,train
../data/raw/Bali/letter/ga/Ga_66.jpg,ga,66,train
../data/raw/Bali/letter/ga/Ga_241.jpg,ga,241,train
../data/raw/Bali/letter/ga/Ga_8.jpg,ga,8,train
../data/raw/Bali/letter/ga/Ga_5.jpg,ga,5,test
../data/raw/Bali/letter/ga/Ga_43.jpg,ga,43,test
../data/raw/Bali/letter/ga/Ga_57.jpg,ga,57,train
../data/raw/Bali/letter/ga/Ga_80.jpg,ga,80,test
../data/raw/Bali/letter/ga/Ga_94.jpg,ga,94,train
../data/raw/Bali/letter/ga/Ga_106.jpg,ga,106,train
../data/raw/Bali/letter/ga/Ga_112.jpg,ga,112,train
../data/raw/Bali/letter/ga/Ga_113.jpg,ga,113,test
../data/raw/Bali/letter/ga/Ga_107.jpg,ga,107,test
../data/raw/Bali/letter/ga/Ga_95.jpg,ga,95,train
../data/raw/Bali/letter/ga/Ga_81.jpg,ga,81,validation
../data/raw/Bali/letter/ga/Ga_56.jpg,ga,56,train
../data/raw/Bali/letter/ga/Ga_42.jpg,ga,42,train
../data/raw/Bali/letter/ga/Ga_4.jpg,ga,4,test
../data/raw/Bali/letter/ga/Ga_6.jpg,ga,6,test
../data/raw/Bali/letter/ga/Ga_54.jpg,ga,54,train
../data/raw/Bali/letter/ga/Ga_40.jpg,ga,40,train
../data/raw/Bali/letter/ga/Ga_68.jpg,ga,68,train
../data/raw/Bali/letter/ga/Ga_97.jpg,ga,97,train
../data/raw/Bali/letter/ga/Ga_83.jpg,ga,83,train
../data/raw/Bali/letter/ga/Ga_139.jpg,ga,139,train
../data/raw/Bali/letter/ga/Ga_111.jpg,ga,111,train
../data/raw/Bali/letter/ga/Ga_105.jpg,ga,105,train
../data/raw/Bali/letter/ga/Ga_104.jpg,ga,104,validation
../data/raw/Bali/letter/ga/Ga_110.jpg,ga,110,train
../data/raw/Bali/letter/ga/Ga_138.jpg,ga,138,train
../data/raw/Bali/letter/ga/Ga_82.jpg,ga,82,train
../data/raw/Bali/letter/ga/Ga_96.jpg,ga,96,train
../data/raw/Bali/letter/ga/Ga_69.jpg,ga,69,validation
../data/raw/Bali/letter/ga/Ga_41.jpg,ga,41,train
../data/raw/Bali/letter/ga/Ga_55.jpg,ga,55,train
../data/raw/Bali/letter/ga/Ga_7.jpg,ga,7,train
../data/raw/Bali/letter/ga/Ga_3.jpg,ga,3,test
../data/raw/Bali/letter/ga/Ga_79.jpg,ga,79,train
../data/raw/Bali/letter/ga/Ga_51.jpg,ga,51,train
../data/raw/Bali/letter/ga/Ga_45.jpg,ga,45,validation
../data/raw/Bali/letter/ga/Ga_92.jpg,ga,92,train
../data/raw/Bali/letter/ga/Ga_86.jpg,ga,86,train
../data/raw/Bali/letter/ga/Ga_114.jpg,ga,114,train
../data/raw/Bali/letter/ga/Ga_100.jpg,ga,100,train
../data/raw/Bali/letter/ga/Ga_128.jpg,ga,128,train
../data/raw/Bali/letter/ga/Ga_129.jpg,ga,129,train
../data/raw/Bali/letter/ga/Ga_101.jpg,ga,101,train
../data/raw/Bali/letter/ga/Ga_115.jpg,ga,115,train
../data/raw/Bali/letter/ga/Ga_87.jpg,ga,87,validation
../data/raw/Bali/letter/ga/Ga_93.jpg,ga,93,test
../data/raw/Bali/letter/ga/Ga_44.jpg,ga,44,train
../data/raw/Bali/letter/ga/Ga_50.jpg,ga,50,train
../data/raw/Bali/letter/ga/Ga_78.jpg,ga,78,train
../data/raw/Bali/letter/ga/Ga_2.jpg,ga,2,train
../data/raw/Bali/letter/ga/Ga_46.jpg,ga,46,validation
../data/raw/Bali/letter/ga/Ga_52.jpg,ga,52,train
../data/raw/Bali/letter/ga/Ga_85.jpg,ga,85,train
../data/raw/Bali/letter/ga/Ga_91.jpg,ga,91,train
../data/raw/Bali/letter/ga/Ga_103.jpg,ga,103,test
../data/raw/Bali/letter/ga/Ga_117.jpg,ga,117,validation
../data/raw/Bali/letter/ga/Ga_116.jpg,ga,116,test
../data/raw/Bali/letter/ga/Ga_102.jpg,ga,102,test
../data/raw/Bali/letter/ga/Ga_90.jpg,ga,90,train
../data/raw/Bali/letter/ga/Ga_84.jpg,ga,84,test
../data/raw/Bali/letter/ga/Ga_53.jpg,ga,53,test
../data/raw/Bali/letter/ga/Ga_47.jpg,ga,47,train
../data/raw/Bali/letter/ga/Ga_1.jpg,ga,1,train
../data/raw/Bali/letter/ga/Ga_213.jpg,ga,213,train
../data/raw/Bali/letter/ga/Ga_207.jpg,ga,207,train
../data/raw/Bali/letter/ga/Ga_20.jpg,ga,20,train
../data/raw/Bali/letter/ga/Ga_34.jpg,ga,34,train
../data/raw/Bali/letter/ga/Ga_159.jpg,ga,159,validation
../data/raw/Bali/letter/ga/Ga_165.jpg,ga,165,train
../data/raw/Bali/letter/ga/Ga_171.jpg,ga,171,train
../data/raw/Bali/letter/ga/Ga_170.jpg,ga,170,train
../data/raw/Bali/letter/ga/Ga_164.jpg,ga,164,train
../data/raw/Bali/letter/ga/Ga_158.jpg,ga,158,train
../data/raw/Bali/letter/ga/Ga_35.jpg,ga,35,train
../data/raw/Bali/letter/ga/Ga_21.jpg,ga,21,train
../data/raw/Bali/letter/ga/Ga_206.jpg,ga,206,train
../data/raw/Bali/letter/ga/Ga_212.jpg,ga,212,validation
../data/raw/Bali/letter/ga/Ga_238.jpg,ga,238,train
../data/raw/Bali/letter/ga/Ga_204.jpg,ga,204,train
../data/raw/Bali/letter/ga/Ga_210.jpg,ga,210,train
../data/raw/Bali/letter/ga/Ga_37.jpg,ga,37,train
../data/raw/Bali/letter/ga/Ga_23.jpg,ga,23,train
../data/raw/Bali/letter/ga/Ga_199.jpg,ga,199,train
../data/raw/Bali/letter/ga/Ga_172.jpg,ga,172,train
../data/raw/Bali/letter/ga/Ga_166.jpg,ga,166,train
../data/raw/Bali/letter/ga/Ga_167.jpg,ga,167,train
../data/raw/Bali/letter/ga/Ga_173.jpg,ga,173,train
../data/raw/Bali/letter/ga/Ga_198.jpg,ga,198,train
../data/raw/Bali/letter/ga/Ga_22.jpg,ga,22,validation
../data/raw/Bali/letter/ga/Ga_36.jpg,ga,36,train
../data/raw/Bali/letter/ga/Ga_211.jpg,ga,211,train
../data/raw/Bali/letter/ga/Ga_205.jpg,ga,205,train
../data/raw/Bali/letter/ga/Ga_239.jpg,ga,239,train
../data/raw/Bali/letter/ga/Ga_201.jpg,ga,201,validation
../data/raw/Bali/letter/ga/Ga_215.jpg,ga,215,validation
../data/raw/Bali/letter/ga/Ga_229.jpg,ga,229,train
../data/raw/Bali/letter/ga/Ga_32.jpg,ga,32,train
../data/raw/Bali/letter/ga/Ga_26.jpg,ga,26,train
../data/raw/Bali/letter/ga/Ga_188.jpg,ga,188,train
../data/raw/Bali/letter/ga/Ga_177.jpg,ga,177,train
../data/raw/Bali/letter/ga/Ga_163.jpg,ga,163,train
../data/raw/Bali/letter/ga/Ga_162.jpg,ga,162,train
../data/raw/Bali/letter/ga/Ga_176.jpg,ga,176,train
../data/raw/Bali/letter/ga/Ga_189.jpg,ga,189,train
../data/raw/Bali/letter/ga/Ga_27.jpg,ga,27,train
../data/raw/Bali/letter/ga/Ga_33.jpg,ga,33,train
../data/raw/Bali/letter/ga/Ga_228.jpg,ga,228,validation
../data/raw/Bali/letter/ga/Ga_214.jpg,ga,214,train
../data/raw/Bali/letter/ga/Ga_200.jpg,ga,200,test
../data/raw/Bali/letter/ga/Ga_216.jpg,ga,216,train
../data/raw/Bali/letter/ga/Ga_202.jpg,ga,202,train
../data/raw/Bali/letter/ga/Ga_19.jpg,ga,19,train
../data/raw/Bali/letter/ga/Ga_25.jpg,ga,25,train
../data/raw/Bali/letter/ga/Ga_31.jpg,ga,31,test
../data/raw/Bali/letter/ga/Ga_160.jpg,ga,160,train
../data/raw/Bali/letter/ga/Ga_174.jpg,ga,174,train
../data/raw/Bali/letter/ga/Ga_148.jpg,ga,148,train
../data/raw/Bali/letter/ga/Ga_149.jpg,ga,149,test
../data/raw/Bali/letter/ga/Ga_175.jpg,ga,175,train
../data/raw/Bali/letter/ga/Ga_161.jpg,ga,161,test
../data/raw/Bali/letter/ga/Ga_30.jpg,ga,30,validation
../data/raw/Bali/letter/ga/Ga_24.jpg,ga,24,train
../data/raw/Bali/letter/ga/Ga_18.jpg,ga,18,train
../data/raw/Bali/letter/ga/Ga_203.jpg,ga,203,validation
../data/raw/Bali/letter/ga/Ga_217.jpg,ga,217,test
../data/raw/Bali/letter/ha/Ha_90.jpg,ha,90,train
../data/raw/Bali/letter/ha/Ha_84.jpg,ha,84,test
../data/raw/Bali/letter/ha/Ha_53.jpg,ha,53,test
../data/raw/Bali/letter/ha/Ha_47.jpg,ha,47,train
../data/raw/Bali/letter/ha/Ha_159.jpg,ha,159,validation
../data/raw/Bali/letter/ha/Ha_171.jpg,ha,171,train
../data/raw/Bali/letter/ha/Ha_165.jpg,ha,165,train
../data/raw/Bali/letter/ha/Ha_2.jpg,ha,2,train
../data/raw/Bali/letter/ha/Ha_207.jpg,ha,207,train
../data/raw/Bali/letter/ha/Ha_213.jpg,ha,213,train
../data/raw/Bali/letter/ha/Ha_212.jpg,ha,212,validation
../data/raw/Bali/letter/ha/Ha_206.jpg,ha,206,train
../data/raw/Bali/letter/ha/Ha_3.jpg,ha,3,test
../data/raw/Bali/letter/ha/Ha_164.jpg,ha,164,train
../data/raw/Bali/letter/ha/Ha_170.jpg,ha,170,train
../data/raw/Bali/letter/ha/Ha_158.jpg,ha,158,train
../data/raw/Bali/letter/ha/Ha_46.jpg,ha,46,validation
../data/raw/Bali/letter/ha/Ha_52.jpg,ha,52,train
../data/raw/Bali/letter/ha/Ha_85.jpg,ha,85,train
../data/raw/Bali/letter/ha/Ha_91.jpg,ha,91,train
../data/raw/Bali/letter/ha/Ha_87.jpg,ha,87,validation
../data/raw/Bali/letter/ha/Ha_93.jpg,ha,93,test
../data/raw/Bali/letter/ha/Ha_44.jpg,ha,44,train
../data/raw/Bali/letter/ha/Ha_50.jpg,ha,50,train
../data/raw/Bali/letter/ha/Ha_78.jpg,ha,78,train
../data/raw/Bali/letter/ha/Ha_199.jpg,ha,199,train
../data/raw/Bali/letter/ha/Ha_166.jpg,ha,166,train
../data/raw/Bali/letter/ha/Ha_172.jpg,ha,172,train
../data/raw/Bali/letter/ha/Ha_1.jpg,ha,1,train
../data/raw/Bali/letter/ha/Ha_238.jpg,ha,238,train
../data/raw/Bali/letter/ha/Ha_210.jpg,ha,210,train
../data/raw/Bali/letter/ha/Ha_204.jpg,ha,204,train
../data/raw/Bali/letter/ha/Ha_205.jpg,ha,205,train
../data/raw/Bali/letter/ha/Ha_211.jpg,ha,211,train
../data/raw/Bali/letter/ha/Ha_239.jpg,ha,239,train
../data/raw/Bali/letter/ha/Ha_173.jpg,ha,173,train
../data/raw/Bali/letter/ha/Ha_167.jpg,ha,167,train
../data/raw/Bali/letter/ha/Ha_198.jpg,ha,198,train
../data/raw/Bali/letter/ha/Ha_79.jpg,ha,79,train
../data/raw/Bali/letter/ha/Ha_51.jpg,ha,51,train
../data/raw/Bali/letter/ha/Ha_45.jpg,ha,45,validation
../data/raw/Bali/letter/ha/Ha_92.jpg,ha,92,train
../data/raw/Bali/letter/ha/Ha_86.jpg,ha,86,train
../data/raw/Bali/letter/ha/Ha_82.jpg,ha,82,train
../data/raw/Bali/letter/ha/Ha_96.jpg,ha,96,train
../data/raw/Bali/letter/ha/Ha_69.jpg,ha,69,validation
../data/raw/Bali/letter/ha/Ha_41.jpg,ha,41,train
../data/raw/Bali/letter/ha/Ha_55.jpg,ha,55,train
../data/raw/Bali/letter/ha/Ha_188.jpg,ha,188,train
../data/raw/Bali/letter/ha/Ha_163.jpg,ha,163,train
../data/raw/Bali/letter/ha/Ha_177.jpg,ha,177,train
../data/raw/Bali/letter/ha/Ha_4.jpg,ha,4,test
../data/raw/Bali/letter/ha/Ha_215.jpg,ha,215,validation
../data/raw/Bali/letter/ha/Ha_201.jpg,ha,201,validation
../data/raw/Bali/letter/ha/Ha_229.jpg,ha,229,train
../data/raw/Bali/letter/ha/Ha_228.jpg,ha,228,validation
../data/raw/Bali/letter/ha/Ha_200.jpg,ha,200,test
../data/raw/Bali/letter/ha/Ha_214.jpg,ha,214,train
../data/raw/Bali/letter/ha/Ha_5.jpg,ha,5,test
../data/raw/Bali/letter/ha/Ha_176.jpg,ha,176,train
../data/raw/Bali/letter/ha/Ha_162.jpg,ha,162,train
../data/raw/Bali/letter/ha/Ha_189.jpg,ha,189,train
../data/raw/Bali/letter/ha/Ha_54.jpg,ha,54,train
../data/raw/Bali/letter/ha/Ha_40.jpg,ha,40,train
../data/raw/Bali/letter/ha/Ha_68.jpg,ha,68,train
../data/raw/Bali/letter/ha/Ha_97.jpg,ha,97,train
../data/raw/Bali/letter/ha/Ha_83.jpg,ha,83,train
../data/raw/Bali/letter/ha/Ha_95.jpg,ha,95,train
../data/raw/Bali/letter/ha/Ha_81.jpg,ha,81,validation
../data/raw/Bali/letter/ha/Ha_56.jpg,ha,56,train
../data/raw/Bali/letter/ha/Ha_42.jpg,ha,42,train
../data/raw/Bali/letter/ha/Ha_174.jpg,ha,174,train
../data/raw/Bali/letter/ha/Ha_160.jpg,ha,160,train
../data/raw/Bali/letter/ha/Ha_148.jpg,ha,148,train
../data/raw/Bali/letter/ha/Ha_7.jpg,ha,7,train
../data/raw/Bali/letter/ha/Ha_202.jpg,ha,202,train
../data/raw/Bali/letter/ha/Ha_216.jpg,ha,216,train
../data/raw/Bali/letter/ha/Ha_217.jpg,ha,217,test
../data/raw/Bali/letter/ha/Ha_203.jpg,ha,203,validation
../data/raw/Bali/letter/ha/Ha_6.jpg,ha,6,test
../data/raw/Bali/letter/ha/Ha_149.jpg,ha,149,test
../data/raw/Bali/letter/ha/Ha_161.jpg,ha,161,test
../data/raw/Bali/letter/ha/Ha_175.jpg,ha,175,train
../data/raw/Bali/letter/ha/Ha_43.jpg,ha,43,test
../data/raw/Bali/letter/ha/Ha_57.jpg,ha,57,train
../data/raw/Bali/letter/ha/Ha_80.jpg,ha,80,test
../data/raw/Bali/letter/ha/Ha_94.jpg,ha,94,train
../data/raw/Bali/letter/ha/Ha_30.jpg,ha,30,validation
../data/raw/Bali/letter/ha/Ha_24.jpg,ha,24,train
../data/raw/Bali/letter/ha/Ha_18.jpg,ha,18,train
../data/raw/Bali/letter/ha/Ha_112.jpg,ha,112,train
../data/raw/Bali/letter/ha/Ha_106.jpg,ha,106,train
../data/raw/Bali/letter/ha/Ha_107.jpg,ha,107,test
../data/raw/Bali/letter/ha/Ha_113.jpg,ha,113,test
../data/raw/Bali/letter/ha/Ha_19.jpg,ha,19,train
../data/raw/Bali/letter/ha/Ha_25.jpg,ha,25,train
../data/raw/Bali/letter/ha/Ha_31.jpg,ha,31,test
../data/raw/Bali/letter/ha/Ha_27.jpg,ha,27,train
../data/raw/Bali/letter/ha/Ha_33.jpg,ha,33,train
../data/raw/Bali/letter/ha/Ha_139.jpg,ha,139,train
../data/raw/Bali/letter/ha/Ha_105.jpg,ha,105,train
../data/raw/Bali/letter/ha/Ha_111.jpg,ha,111,train
../data/raw/Bali/letter/ha/Ha_110.jpg,ha,110,train
../data/raw/Bali/letter/ha/Ha_104.jpg,ha,104,validation
../data/raw/Bali/letter/ha/Ha_138.jpg,ha,138,train
../data/raw/Bali/letter/ha/Ha_32.jpg,ha,32,train
../data/raw/Bali/letter/ha/Ha_26.jpg,ha,26,train
../data/raw/Bali/letter/ha/Ha_22.jpg,ha,22,validation
../data/raw/Bali/letter/ha/Ha_36.jpg,ha,36,train
../data/raw/Bali/letter/ha/Ha_100.jpg,ha,100,train
../data/raw/Bali/letter/ha/Ha_114.jpg,ha,114,train
../data/raw/Bali/letter/ha/Ha_128.jpg,ha,128,train
../data/raw/Bali/letter/ha/Ha_129.jpg,ha,129,train
../data/raw/Bali/letter/ha/Ha_115.jpg,ha,115,train
../data/raw/Bali/letter/ha/Ha_101.jpg,ha,101,train
../data/raw/Bali/letter/ha/Ha_37.jpg,ha,37,train
../data/raw/Bali/letter/ha/Ha_23.jpg,ha,23,train
../data/raw/Bali/letter/ha/Ha_35.jpg,ha,35,train
../data/raw/Bali/letter/ha/Ha_21.jpg,ha,21,train
../data/raw/Bali/letter/ha/Ha_117.jpg,ha,117,validation
../data/raw/Bali/letter/ha/Ha_103.jpg,ha,103,test
../data/raw/Bali/letter/ha/Ha_249.jpg,ha,249,train
../data/raw/Bali/letter/ha/Ha_248.jpg,ha,248,train
../data/raw/Bali/letter/ha/Ha_102.jpg,ha,102,test
../data/raw/Bali/letter/ha/Ha_116.jpg,ha,116,test
../data/raw/Bali/letter/ha/Ha_20.jpg,ha,20,train
../data/raw/Bali/letter/ha/Ha_34.jpg,ha,34,train
../data/raw/Bali/letter/ha/Ha_11.jpg,ha,11,test
../data/raw/Bali/letter/ha/Ha_39.jpg,ha,39,test
../data/raw/Bali/letter/ha/Ha_133.jpg,ha,133,train
../data/raw/Bali/letter/ha/Ha_127.jpg,ha,127,validation
../data/raw/Bali/letter/ha/Ha_245.jpg,ha,245,train
../data/raw/Bali/letter/ha/Ha_250.jpg,ha,250,train
../data/raw/Bali/letter/ha/Ha_244.jpg,ha,244,train
../data/raw/Bali/letter/ha/Ha_126.jpg,ha,126,validation
../data/raw/Bali/letter/ha/Ha_132.jpg,ha,132,train
../data/raw/Bali/letter/ha/Ha_38.jpg,ha,38,train
../data/raw/Bali/letter/ha/Ha_10.jpg,ha,10,validation
../data/raw/Bali/letter/ha/Ha_12.jpg,ha,12,train
../data/raw/Bali/letter/ha/Ha_118.jpg,ha,118,train
../data/raw/Bali/letter/ha/Ha_124.jpg,ha,124,test
../data/raw/Bali/letter/ha/Ha_130.jpg,ha,130,validation
../data/raw/Bali/letter/ha/Ha_246.jpg,ha,246,validation
../data/raw/Bali/letter/ha/Ha_247.jpg,ha,247,train
../data/raw/Bali/letter/ha/Ha_131.jpg,ha,131,train
../data/raw/Bali/letter/ha/Ha_125.jpg,ha,125,test
../data/raw/Bali/letter/ha/Ha_119.jpg,ha,119,validation
../data/raw/Bali/letter/ha/Ha_13.jpg,ha,13,validation
../data/raw/Bali/letter/ha/Ha_17.jpg,ha,17,train
../data/raw/Bali/letter/ha/Ha_121.jpg,ha,121,train
../data/raw/Bali/letter/ha/Ha_135.jpg,ha,135,test
../data/raw/Bali/letter/ha/Ha_109.jpg,ha,109,validation
../data/raw/Bali/letter/ha/Ha_243.jpg,ha,243,train
../data/raw/Bali/letter/ha/Ha_242.jpg,ha,242,train
../data/raw/Bali/letter/ha/Ha_108.jpg,ha,108,train
../data/raw/Bali/letter/ha/Ha_134.jpg,ha,134,train
../data/raw/Bali/letter/ha/Ha_120.jpg,ha,120,train
../data/raw/Bali/letter/ha/Ha_16.jpg,ha,16,test
../data/raw/Bali/letter/ha/Ha_28.jpg,ha,28,validation
../data/raw/Bali/letter/ha/Ha_14.jpg,ha,14,train
../data/raw/Bali/letter/ha/Ha_136.jpg,ha,136,validation
../data/raw/Bali/letter/ha/Ha_122.jpg,ha,122,train
../data/raw/Bali/letter/ha/Ha_240.jpg,ha,240,validation
../data/raw/Bali/letter/ha/Ha_241.jpg,ha,241,train
../data/raw/Bali/letter/ha/Ha_123.jpg,ha,123,validation
../data/raw/Bali/letter/ha/Ha_137.jpg,ha,137,train
../data/raw/Bali/letter/ha/Ha_15.jpg,ha,15,train
../data/raw/Bali/letter/ha/Ha_29.jpg,ha,29,train
../data/raw/Bali/letter/ha/Ha_99.jpg,ha,99,train
../data/raw/Bali/letter/ha/Ha_72.jpg,ha,72,train
../data/raw/Bali/letter/ha/Ha_66.jpg,ha,66,train
../data/raw/Bali/letter/ha/Ha_193.jpg,ha,193,train
../data/raw/Bali/letter/ha/Ha_187.jpg,ha,187,train
../data/raw/Bali/letter/ha/Ha_178.jpg,ha,178,train
../data/raw/Bali/letter/ha/Ha_150.jpg,ha,150,test
../data/raw/Bali/letter/ha/Ha_144.jpg,ha,144,validation
../data/raw/Bali/letter/ha/Ha_226.jpg,ha,226,train
../data/raw/Bali/letter/ha/Ha_232.jpg,ha,232,train
../data/raw/Bali/letter/ha/Ha_233.jpg,ha,233,train
../data/raw/Bali/letter/ha/Ha_227.jpg,ha,227,train
../data/raw/Bali/letter/ha/Ha_145.jpg,ha,145,train
../data/raw/Bali/letter/ha/Ha_151.jpg,ha,151,train
../data/raw/Bali/letter/ha/Ha_179.jpg,ha,179,train
../data/raw/Bali/letter/ha/Ha_186.jpg,ha,186,train
../data/raw/Bali/letter/ha/Ha_192.jpg,ha,192,train
../data/raw/Bali/letter/ha/Ha_67.jpg,ha,67,train
../data/raw/Bali/letter/ha/Ha_73.jpg,ha,73,train
../data/raw/Bali/letter/ha/Ha_98.jpg,ha,98,train
../data/raw/Bali/letter/ha/Ha_65.jpg,ha,65,train
../data/raw/Bali/letter/ha/Ha_71.jpg,ha,71,train
../data/raw/Bali/letter/ha/Ha_59.jpg,ha,59,train
../data/raw/Bali/letter/ha/Ha_184.jpg,ha,184,train
../data/raw/Bali/letter/ha/Ha_190.jpg,ha,190,train
../data/raw/Bali/letter/ha/Ha_147.jpg,ha,147,train
../data/raw/Bali/letter/ha/Ha_153.jpg,ha,153,validation
../data/raw/Bali/letter/ha/Ha_8.jpg,ha,8,train
../data/raw/Bali/letter/ha/Ha_219.jpg,ha,219,test
../data/raw/Bali/letter/ha/Ha_231.jpg,ha,231,test
../data/raw/Bali/letter/ha/Ha_225.jpg,ha,225,train
../data/raw/Bali/letter/ha/Ha_224.jpg,ha,224,test
../data/raw/Bali/letter/ha/Ha_230.jpg,ha,230,train
../data/raw/Bali/letter/ha/Ha_218.jpg,ha,218,test
../data/raw/Bali/letter/ha/Ha_9.jpg,ha,9,train
../data/raw/Bali/letter/ha/Ha_152.jpg,ha,152,test
../data/raw/Bali/letter/ha/Ha_146.jpg,ha,146,train
../data/raw/Bali/letter/ha/Ha_191.jpg,ha,191,train
../data/raw/Bali/letter/ha/Ha_185.jpg,ha,185,train
../data/raw/Bali/letter/ha/Ha_58.jpg,ha,58,train
../data/raw/Bali/letter/ha/Ha_70.jpg,ha,70,train
../data/raw/Bali/letter/ha/Ha_64.jpg,ha,64,train
../data/raw/Bali/letter/ha/Ha_48.jpg,ha,48,test
../data/raw/Bali/letter/ha/Ha_60.jpg,ha,60,train
../data/raw/Bali/letter/ha/Ha_74.jpg,ha,74,train
../data/raw/Bali/letter/ha/Ha_181.jpg,ha,181,validation
../data/raw/Bali/letter/ha/Ha_195.jpg,ha,195,validation
../data/raw/Bali/letter/ha/Ha_142.jpg,ha,142,test
../data/raw/Bali/letter/ha/Ha_156.jpg,ha,156,test
../data/raw/Bali/letter/ha/Ha_234.jpg,ha,234,train
../data/raw/Bali/letter/ha/Ha_220.jpg,ha,220,test
../data/raw/Bali/letter/ha/Ha_208.jpg,ha,208,validation
../data/raw/Bali/letter/ha/Ha_209.jpg,ha,209,test
../data/raw/Bali/letter/ha/Ha_221.jpg,ha,221,train
../data/raw/Bali/letter/ha/Ha_235.jpg,ha,235,train
../data/raw/Bali/letter/ha/Ha_157.jpg,ha,157,train
../data/raw/Bali/letter/ha/Ha_143.jpg,ha,143,train
../data/raw/Bali/letter/ha/Ha_194.jpg,ha,194,validation
../data/raw/Bali/letter/ha/Ha_180.jpg,ha,180,train
../data/raw/Bali/letter/ha/Ha_75.jpg,ha,75,test
../data/raw/Bali/letter/ha/Ha_61.jpg,ha,61,test
../data/raw/Bali/letter/ha/Ha_49.jpg,ha,49,train
../data/raw/Bali/letter/ha/Ha_88.jpg,ha,88,train
../data/raw/Bali/letter/ha/Ha_77.jpg,ha,77,train
../data/raw/Bali/letter/ha/Ha_63.jpg,ha,63,train
../data/raw/Bali/letter/ha/Ha_196.jpg,ha,196,validation
../data/raw/Bali/letter/ha/Ha_182.jpg,ha,182,train
../data/raw/Bali/letter/ha/Ha_155.jpg,ha,155,train
../data/raw/Bali/letter/ha/Ha_141.jpg,ha,141,train
../data/raw/Bali/letter/ha/Ha_169.jpg,ha,169,train
../data/raw/Bali/letter/ha/Ha_223.jpg,ha,223,train
../data/raw/Bali/letter/ha/Ha_237.jpg,ha,237,train
../data/raw/Bali/letter/ha/Ha_236.jpg,ha,236,train
../data/raw/Bali/letter/ha/Ha_222.jpg,ha,222,train
../data/raw/Bali/letter/ha/Ha_168.jpg,ha,168,validation
../data/raw/Bali/letter/ha/Ha_140.jpg,ha,140,train
../data/raw/Bali/letter/ha/Ha_154.jpg,ha,154,train
../data/raw/Bali/letter/ha/Ha_183.jpg,ha,183,train
../data/raw/Bali/letter/ha/Ha_197.jpg,ha,197,train
../data/raw/Bali/letter/ha/Ha_62.jpg,ha,62,validation
../data/raw/Bali/letter/ha/Ha_76.jpg,ha,76,validation
../data/raw/Bali/letter/ha/Ha_89.jpg,ha,89,validation
../data/raw/Bali/letter/ja/Ja_122.jpg,ja,122,train
../data/raw/Bali/letter/ja/Ja_136.jpg,ja,136,validation
../data/raw/Bali/letter/ja/Ja_7.jpg,ja,7,train
../data/raw/Bali/letter/ja/Ja_36.jpg,ja,36,train
../data/raw/Bali/letter/ja/Ja_22.jpg,ja,22,validation
../data/raw/Bali/letter/ja/Ja_240.jpg,ja,240,validation
../data/raw/Bali/letter/ja/Ja_241.jpg,ja,241,train
../data/raw/Bali/letter/ja/Ja_23.jpg,ja,23,train
../data/raw/Bali/letter/ja/Ja_37.jpg,ja,37,train
../data/raw/Bali/letter/ja/Ja_6.jpg,ja,6,test
../data/raw/Bali/letter/ja/Ja_137.jpg,ja,137,train
../data/raw/Bali/letter/ja/Ja_123.jpg,ja,123,validation
../data/raw/Bali/letter/ja/Ja_135.jpg,ja,135,test
../data/raw/Bali/letter/ja/Ja_121.jpg,ja,121,train
../data/raw/Bali/letter/ja/Ja_109.jpg,ja,109,validation
../data/raw/Bali/letter/ja/Ja_4.jpg,ja,4,test
../data/raw/Bali/letter/ja/Ja_21.jpg,ja,21,train
../data/raw/Bali/letter/ja/Ja_35.jpg,ja,35,train
../data/raw/Bali/letter/ja/Ja_243.jpg,ja,243,train
../data/raw/Bali/letter/ja/Ja_242.jpg,ja,242,train
../data/raw/Bali/letter/ja/Ja_34.jpg,ja,34,train
../data/raw/Bali/letter/ja/Ja_20.jpg,ja,20,train
../data/raw/Bali/letter/ja/Ja_5.jpg,ja,5,test
../data/raw/Bali/letter/ja/Ja_108.jpg,ja,108,train
../data/raw/Bali/letter/ja/Ja_120.jpg,ja,120,train
../data/raw/Bali/letter/ja/Ja_134.jpg,ja,134,train
../data/raw/Bali/letter/ja/Ja_118.jpg,ja,118,train
../data/raw/Bali/letter/ja/Ja_130.jpg,ja,130,validation
../data/raw/Bali/letter/ja/Ja_124.jpg,ja,124,test
../data/raw/Bali/letter/ja/Ja_1.jpg,ja,1,train
../data/raw/Bali/letter/ja/Ja_18.jpg,ja,18,train
../data/raw/Bali/letter/ja/Ja_24.jpg,ja,24,train
../data/raw/Bali/letter/ja/Ja_30.jpg,ja,30,validation
../data/raw/Bali/letter/ja/Ja_246.jpg,ja,246,validation
../data/raw/Bali/letter/ja/Ja_247.jpg,ja,247,train
../data/raw/Bali/letter/ja/Ja_31.jpg,ja,31,test
../data/raw/Bali/letter/ja/Ja_25.jpg,ja,25,train
../data/raw/Bali/letter/ja/Ja_19.jpg,ja,19,train
../data/raw/Bali/letter/ja/Ja_125.jpg,ja,125,test
../data/raw/Bali/letter/ja/Ja_131.jpg,ja,131,train
../data/raw/Bali/letter/ja/Ja_119.jpg,ja,119,validation
../data/raw/Bali/letter/ja/Ja_127.jpg,ja,127,validation
../data/raw/Bali/letter/ja/Ja_133.jpg,ja,133,train
../data/raw/Bali/letter/ja/Ja_2.jpg,ja,2,train
../data/raw/Bali/letter/ja/Ja_33.jpg,ja,33,train
../data/raw/Bali/letter/ja/Ja_27.jpg,ja,27,train
../data/raw/Bali/letter/ja/Ja_251.jpg,ja,251,train
../data/raw/Bali/letter/ja/Ja_245.jpg,ja,245,train
../data/raw/Bali/letter/ja/Ja_244.jpg,ja,244,train
../data/raw/Bali/letter/ja/Ja_250.jpg,ja,250,train
../data/raw/Bali/letter/ja/Ja_26.jpg,ja,26,train
../data/raw/Bali/letter/ja/Ja_32.jpg,ja,32,train
../data/raw/Bali/letter/ja/Ja_3.jpg,ja,3,test
../data/raw/Bali/letter/ja/Ja_132.jpg,ja,132,train
../data/raw/Bali/letter/ja/Ja_126.jpg,ja,126,validation
../data/raw/Bali/letter/ja/Ja_141.jpg,ja,141,train
../data/raw/Bali/letter/ja/Ja_155.jpg,ja,155,train
../data/raw/Bali/letter/ja/Ja_169.jpg,ja,169,train
../data/raw/Bali/letter/ja/Ja_182.jpg,ja,182,train
../data/raw/Bali/letter/ja/Ja_196.jpg,ja,196,validation
../data/raw/Bali/letter/ja/Ja_55.jpg,ja,55,train
../data/raw/Bali/letter/ja/Ja_41.jpg,ja,41,train
../data/raw/Bali/letter/ja/Ja_69.jpg,ja,69,validation
../data/raw/Bali/letter/ja/Ja_96.jpg,ja,96,train
../data/raw/Bali/letter/ja/Ja_82.jpg,ja,82,train
../data/raw/Bali/letter/ja/Ja_237.jpg,ja,237,train
../data/raw/Bali/letter/ja/Ja_223.jpg,ja,223,train
../data/raw/Bali/letter/ja/Ja_222.jpg,ja,222,train
../data/raw/Bali/letter/ja/Ja_236.jpg,ja,236,train
../data/raw/Bali/letter/ja/Ja_83.jpg,ja,83,train
../data/raw/Bali/letter/ja/Ja_97.jpg,ja,97,train
../data/raw/Bali/letter/ja/Ja_68.jpg,ja,68,train
../data/raw/Bali/letter/ja/Ja_40.jpg,ja,40,train
../data/raw/Bali/letter/ja/Ja_54.jpg,ja,54,train
../data/raw/Bali/letter/ja/Ja_197.jpg,ja,197,train
../data/raw/Bali/letter/ja/Ja_183.jpg,ja,183,train
../data/raw/Bali/letter/ja/Ja_168.jpg,ja,168,validation
../data/raw/Bali/letter/ja/Ja_154.jpg,ja,154,train
../data/raw/Bali/letter/ja/Ja_140.jpg,ja,140,train
../data/raw/Bali/letter/ja/Ja_156.jpg,ja,156,test
../data/raw/Bali/letter/ja/Ja_142.jpg,ja,142,test
../data/raw/Bali/letter/ja/Ja_195.jpg,ja,195,validation
../data/raw/Bali/letter/ja/Ja_181.jpg,ja,181,validation
../data/raw/Bali/letter/ja/Ja_42.jpg,ja,42,train
../data/raw/Bali/letter/ja/Ja_56.jpg,ja,56,train
../data/raw/Bali/letter/ja/Ja_81.jpg,ja,81,validation
../data/raw/Bali/letter/ja/Ja_95.jpg,ja,95,train
../data/raw/Bali/letter/ja/Ja_220.jpg,ja,220,test
../data/raw/Bali/letter/ja/Ja_234.jpg,ja,234,train
../data/raw/Bali/letter/ja/Ja_208.jpg,ja,208,validation
../data/raw/Bali/letter/ja/Ja_209.jpg,ja,209,test
../data/raw/Bali/letter/ja/Ja_235.jpg,ja,235,train
../data/raw/Bali/letter/ja/Ja_221.jpg,ja,221,train
../data/raw/Bali/letter/ja/Ja_94.jpg,ja,94,train
../data/raw/Bali/letter/ja/Ja_80.jpg,ja,80,test
../data/raw/Bali/letter/ja/Ja_57.jpg,ja,57,train
../data/raw/Bali/letter/ja/Ja_43.jpg,ja,43,test
../data/raw/Bali/letter/ja/Ja_180.jpg,ja,180,train
../data/raw/Bali/letter/ja/Ja_194.jpg,ja,194,validation
../data/raw/Bali/letter/ja/Ja_143.jpg,ja,143,train
../data/raw/Bali/letter/ja/Ja_157.jpg,ja,157,train
../data/raw/Bali/letter/ja/Ja_153.jpg,ja,153,validation
../data/raw/Bali/letter/ja/Ja_147.jpg,ja,147,train
../data/raw/Bali/letter/ja/Ja_190.jpg,ja,190,train
../data/raw/Bali/letter/ja/Ja_184.jpg,ja,184,train
../data/raw/Bali/letter/ja/Ja_47.jpg,ja,47,train
../data/raw/Bali/letter/ja/Ja_53.jpg,ja,53,test
../data/raw/Bali/letter/ja/Ja_84.jpg,ja,84,test
../data/raw/Bali/letter/ja/Ja_90.jpg,ja,90,train
../data/raw/Bali/letter/ja/Ja_219.jpg,ja,219,test
../data/raw/Bali/letter/ja/Ja_225.jpg,ja,225,train
../data/raw/Bali/letter/ja/Ja_231.jpg,ja,231,test
../data/raw/Bali/letter/ja/Ja_230.jpg,ja,230,train
../data/raw/Bali/letter/ja/Ja_224.jpg,ja,224,test
../data/raw/Bali/letter/ja/Ja_218.jpg,ja,218,test
../data/raw/Bali/letter/ja/Ja_91.jpg,ja,91,train
../data/raw/Bali/letter/ja/Ja_85.jpg,ja,85,train
../data/raw/Bali/letter/ja/Ja_52.jpg,ja,52,train
../data/raw/Bali/letter/ja/Ja_46.jpg,ja,46,validation
../data/raw/Bali/letter/ja/Ja_185.jpg,ja,185,train
../data/raw/Bali/letter/ja/Ja_191.jpg,ja,191,train
../data/raw/Bali/letter/ja/Ja_146.jpg,ja,146,train
../data/raw/Bali/letter/ja/Ja_152.jpg,ja,152,test
../data/raw/Bali/letter/ja/Ja_178.jpg,ja,178,train
../data/raw/Bali/letter/ja/Ja_144.jpg,ja,144,validation
../data/raw/Bali/letter/ja/Ja_150.jpg,ja,150,test
../data/raw/Bali/letter/ja/Ja_187.jpg,ja,187,train
../data/raw/Bali/letter/ja/Ja_193.jpg,ja,193,train
../data/raw/Bali/letter/ja/Ja_78.jpg,ja,78,train
../data/raw/Bali/letter/ja/Ja_50.jpg,ja,50,train
../data/raw/Bali/letter/ja/Ja_44.jpg,ja,44,train
../data/raw/Bali/letter/ja/Ja_93.jpg,ja,93,test
../data/raw/Bali/letter/ja/Ja_87.jpg,ja,87,validation
../data/raw/Bali/letter/ja/Ja_232.jpg,ja,232,train
../data/raw/Bali/letter/ja/Ja_226.jpg,ja,226,train
../data/raw/Bali/letter/ja/Ja_227.jpg,ja,227,train
../data/raw/Bali/letter/ja/Ja_233.jpg,ja,233,train
../data/raw/Bali/letter/ja/Ja_86.jpg,ja,86,train
../data/raw/Bali/letter/ja/Ja_92.jpg,ja,92,train
../data/raw/Bali/letter/ja/Ja_45.jpg,ja,45,validation
../data/raw/Bali/letter/ja/Ja_51.jpg,ja,51,train
../data/raw/Bali/letter/ja/Ja_79.jpg,ja,79,train
../data/raw/Bali/letter/ja/Ja_192.jpg,ja,192,train
../data/raw/Bali/letter/ja/Ja_186.jpg,ja,186,train
../data/raw/Bali/letter/ja/Ja_151.jpg,ja,151,train
../data/raw/Bali/letter/ja/Ja_145.jpg,ja,145,train
../data/raw/Bali/letter/ja/Ja_179.jpg,ja,179,train
../data/raw/Bali/letter/ja/Ja_160.jpg,ja,160,train
../data/raw/Bali/letter/ja/Ja_174.jpg,ja,174,train
../data/raw/Bali/letter/ja/Ja_148.jpg,ja,148,train
../data/raw/Bali/letter/ja/Ja_74.jpg,ja,74,train
../data/raw/Bali/letter/ja/Ja_60.jpg,ja,60,train
../data/raw/Bali/letter/ja/Ja_48.jpg,ja,48,test
../data/raw/Bali/letter/ja/Ja_216.jpg,ja,216,train
../data/raw/Bali/letter/ja/Ja_202.jpg,ja,202,train
../data/raw/Bali/letter/ja/Ja_203.jpg,ja,203,validation
../data/raw/Bali/letter/ja/Ja_217.jpg,ja,217,test
../data/raw/Bali/letter/ja/Ja_49.jpg,ja,49,train
../data/raw/Bali/letter/ja/Ja_61.jpg,ja,61,test
../data/raw/Bali/letter/ja/Ja_75.jpg,ja,75,test
../data/raw/Bali/letter/ja/Ja_149.jpg,ja,149,test
../data/raw/Bali/letter/ja/Ja_175.jpg,ja,175,train
../data/raw/Bali/letter/ja/Ja_161.jpg,ja,161,test
../data/raw/Bali/letter/ja/Ja_177.jpg,ja,177,train
../data/raw/Bali/letter/ja/Ja_163.jpg,ja,163,train
../data/raw/Bali/letter/ja/Ja_188.jpg,ja,188,train
../data/raw/Bali/letter/ja/Ja_63.jpg,ja,63,train
../data/raw/Bali/letter/ja/Ja_77.jpg,ja,77,train
../data/raw/Bali/letter/ja/Ja_88.jpg,ja,88,train
../data/raw/Bali/letter/ja/Ja_201.jpg,ja,201,validation
../data/raw/Bali/letter/ja/Ja_215.jpg,ja,215,validation
../data/raw/Bali/letter/ja/Ja_229.jpg,ja,229,train
../data/raw/Bali/letter/ja/Ja_228.jpg,ja,228,validation
../data/raw/Bali/letter/ja/Ja_214.jpg,ja,214,train
../data/raw/Bali/letter/ja/Ja_200.jpg,ja,200,test
../data/raw/Bali/letter/ja/Ja_89.jpg,ja,89,validation
../data/raw/Bali/letter/ja/Ja_76.jpg,ja,76,validation
../data/raw/Bali/letter/ja/Ja_62.jpg,ja,62,validation
../data/raw/Bali/letter/ja/Ja_189.jpg,ja,189,train
../data/raw/Bali/letter/ja/Ja_162.jpg,ja,162,train
../data/raw/Bali/letter/ja/Ja_176.jpg,ja,176,train
../data/raw/Bali/letter/ja/Ja_172.jpg,ja,172,train
../data/raw/Bali/letter/ja/Ja_166.jpg,ja,166,train
../data/raw/Bali/letter/ja/Ja_199.jpg,ja,199,train
../data/raw/Bali/letter/ja/Ja_66.jpg,ja,66,train
../data/raw/Bali/letter/ja/Ja_72.jpg,ja,72,train
../data/raw/Bali/letter/ja/Ja_99.jpg,ja,99,train
../data/raw/Bali/letter/ja/Ja_238.jpg,ja,238,train
../data/raw/Bali/letter/ja/Ja_204.jpg,ja,204,train
../data/raw/Bali/letter/ja/Ja_210.jpg,ja,210,train
../data/raw/Bali/letter/ja/Ja_211.jpg,ja,211,train
../data/raw/Bali/letter/ja/Ja_205.jpg,ja,205,train
../data/raw/Bali/letter/ja/Ja_239.jpg,ja,239,train
../data/raw/Bali/letter/ja/Ja_98.jpg,ja,98,train
../data/raw/Bali/letter/ja/Ja_73.jpg,ja,73,train
../data/raw/Bali/letter/ja/Ja_67.jpg,ja,67,train
../data/raw/Bali/letter/ja/Ja_198.jpg,ja,198,train
../data/raw/Bali/letter/ja/Ja_167.jpg,ja,167,train
../data/raw/Bali/letter/ja/Ja_173.jpg,ja,173,train
../data/raw/Bali/letter/ja/Ja_159.jpg,ja,159,validation
../data/raw/Bali/letter/ja/Ja_165.jpg,ja,165,train
../data/raw/Bali/letter/ja/Ja_171.jpg,ja,171,train
../data/raw/Bali/letter/ja/Ja_59.jpg,ja,59,train
../data/raw/Bali/letter/ja/Ja_71.jpg,ja,71,train
../data/raw/Bali/letter/ja/Ja_65.jpg,ja,65,train
../data/raw/Bali/letter/ja/Ja_213.jpg,ja,213,train
../data/raw/Bali/letter/ja/Ja_207.jpg,ja,207,train
../data/raw/Bali/letter/ja/Ja_206.jpg,ja,206,train
../data/raw/Bali/letter/ja/Ja_212.jpg,ja,212,validation
../data/raw/Bali/letter/ja/Ja_64.jpg,ja,64,train
../data/raw/Bali/letter/ja/Ja_70.jpg,ja,70,train
../data/raw/Bali/letter/ja/Ja_58.jpg,ja,58,train
../data/raw/Bali/letter/ja/Ja_170.jpg,ja,170,train
../data/raw/Bali/letter/ja/Ja_164.jpg,ja,164,train
../data/raw/Bali/letter/ja/Ja_158.jpg,ja,158,train
../data/raw/Bali/letter/ja/Ja_103.jpg,ja,103,test
../data/raw/Bali/letter/ja/Ja_117.jpg,ja,117,validation
../data/raw/Bali/letter/ja/Ja_17.jpg,ja,17,train
../data/raw/Bali/letter/ja/Ja_249.jpg,ja,249,train
../data/raw/Bali/letter/ja/Ja_248.jpg,ja,248,train
../data/raw/Bali/letter/ja/Ja_16.jpg,ja,16,test
../data/raw/Bali/letter/ja/Ja_116.jpg,ja,116,test
../data/raw/Bali/letter/ja/Ja_102.jpg,ja,102,test
../data/raw/Bali/letter/ja/Ja_114.jpg,ja,114,train
../data/raw/Bali/letter/ja/Ja_100.jpg,ja,100,train
../data/raw/Bali/letter/ja/Ja_128.jpg,ja,128,train
../data/raw/Bali/letter/ja/Ja_14.jpg,ja,14,train
../data/raw/Bali/letter/ja/Ja_28.jpg,ja,28,validation
../data/raw/Bali/letter/ja/Ja_29.jpg,ja,29,train
../data/raw/Bali/letter/ja/Ja_15.jpg,ja,15,train
../data/raw/Bali/letter/ja/Ja_129.jpg,ja,129,train
../data/raw/Bali/letter/ja/Ja_101.jpg,ja,101,train
../data/raw/Bali/letter/ja/Ja_115.jpg,ja,115,train
../data/raw/Bali/letter/ja/Ja_139.jpg,ja,139,train
../data/raw/Bali/letter/ja/Ja_111.jpg,ja,111,train
../data/raw/Bali/letter/ja/Ja_105.jpg,ja,105,train
../data/raw/Bali/letter/ja/Ja_8.jpg,ja,8,train
../data/raw/Bali/letter/ja/Ja_39.jpg,ja,39,test
../data/raw/Bali/letter/ja/Ja_11.jpg,ja,11,test
../data/raw/Bali/letter/ja/Ja_10.jpg,ja,10,validation
../data/raw/Bali/letter/ja/Ja_38.jpg,ja,38,train
../data/raw/Bali/letter/ja/Ja_9.jpg,ja,9,train
../data/raw/Bali/letter/ja/Ja_104.jpg,ja,104,validation
../data/raw/Bali/letter/ja/Ja_110.jpg,ja,110,train
../data/raw/Bali/letter/ja/Ja_138.jpg,ja,138,train
../data/raw/Bali/letter/ja/Ja_106.jpg,ja,106,train
../data/raw/Bali/letter/ja/Ja_112.jpg,ja,112,train
../data/raw/Bali/letter/ja/Ja_12.jpg,ja,12,train
../data/raw/Bali/letter/ja/Ja_13.jpg,ja,13,validation
../data/raw/Bali/letter/ja/Ja_113.jpg,ja,113,test
../data/raw/Bali/letter/ja/Ja_107.jpg,ja,107,test
../data/raw/Bali/letter/ka/Ka_136.jpg,ka,136,validation
../data/raw/Bali/letter/ka/Ka_122.jpg,ka,122,train
../data/raw/Bali/letter/ka/Ka_240.jpg,ka,240,validation
../data/raw/Bali/letter/ka/Ka_27.jpg,ka,27,train
../data/raw/Bali/letter/ka/Ka_33.jpg,ka,33,train
../data/raw/Bali/letter/ka/Ka_32.jpg,ka,32,train
../data/raw/Bali/letter/ka/Ka_26.jpg,ka,26,train
../data/raw/Bali/letter/ka/Ka_241.jpg,ka,241,train
../data/raw/Bali/letter/ka/Ka_123.jpg,ka,123,validation
../data/raw/Bali/letter/ka/Ka_137.jpg,ka,137,train
../data/raw/Bali/letter/ka/Ka_121.jpg,ka,121,train
../data/raw/Bali/letter/ka/Ka_135.jpg,ka,135,test
../data/raw/Bali/letter/ka/Ka_109.jpg,ka,109,validation
../data/raw/Bali/letter/ka/Ka_30.jpg,ka,30,validation
../data/raw/Bali/letter/ka/Ka_243.jpg,ka,243,train
../data/raw/Bali/letter/ka/Ka_24.jpg,ka,24,train
../data/raw/Bali/letter/ka/Ka_18.jpg,ka,18,train
../data/raw/Bali/letter/ka/Ka_19.jpg,ka,19,train
../data/raw/Bali/letter/ka/Ka_25.jpg,ka,25,train
../data/raw/Bali/letter/ka/Ka_242.jpg,ka,242,train
../data/raw/Bali/letter/ka/Ka_31.jpg,ka,31,test
../data/raw/Bali/letter/ka/Ka_108.jpg,ka,108,train
../data/raw/Bali/letter/ka/Ka_134.jpg,ka,134,train
../data/raw/Bali/letter/ka/Ka_120.jpg,ka,120,train
../data/raw/Bali/letter/ka/Ka_118.jpg,ka,118,train
../data/raw/Bali/letter/ka/Ka_124.jpg,ka,124,test
../data/raw/Bali/letter/ka/Ka_130.jpg,ka,130,validation
../data/raw/Bali/letter/ka/Ka_35.jpg,ka,35,train
../data/raw/Bali/letter/ka/Ka_246.jpg,ka,246,validation
../data/raw/Bali/letter/ka/Ka_21.jpg,ka,21,train
../data/raw/Bali/letter/ka/Ka_20.jpg,ka,20,train
../data/raw/Bali/letter/ka/Ka_247.jpg,ka,247,train
../data/raw/Bali/letter/ka/Ka_34.jpg,ka,34,train
../data/raw/Bali/letter/ka/Ka_131.jpg,ka,131,train
../data/raw/Bali/letter/ka/Ka_125.jpg,ka,125,test
../data/raw/Bali/letter/ka/Ka_119.jpg,ka,119,validation
../data/raw/Bali/letter/ka/Ka_133.jpg,ka,133,train
../data/raw/Bali/letter/ka/Ka_127.jpg,ka,127,validation
../data/raw/Bali/letter/ka/Ka_245.jpg,ka,245,train
../data/raw/Bali/letter/ka/Ka_22.jpg,ka,22,validation
../data/raw/Bali/letter/ka/Ka_36.jpg,ka,36,train
../data/raw/Bali/letter/ka/Ka_250.jpg,ka,250,train
../data/raw/Bali/letter/ka/Ka_37.jpg,ka,37,train
../data/raw/Bali/letter/ka/Ka_23.jpg,ka,23,train
../data/raw/Bali/letter/ka/Ka_244.jpg,ka,244,train
../data/raw/Bali/letter/ka/Ka_126.jpg,ka,126,validation
../data/raw/Bali/letter/ka/Ka_132.jpg,ka,132,train
../data/raw/Bali/letter/ka/Ka_155.jpg,ka,155,train
../data/raw/Bali/letter/ka/Ka_141.jpg,ka,141,train
../data/raw/Bali/letter/ka/Ka_169.jpg,ka,169,train
../data/raw/Bali/letter/ka/Ka_196.jpg,ka,196,validation
../data/raw/Bali/letter/ka/Ka_182.jpg,ka,182,train
../data/raw/Bali/letter/ka/Ka_44.jpg,ka,44,train
../data/raw/Bali/letter/ka/Ka_223.jpg,ka,223,train
../data/raw/Bali/letter/ka/Ka_237.jpg,ka,237,train
../data/raw/Bali/letter/ka/Ka_50.jpg,ka,50,train
../data/raw/Bali/letter/ka/Ka_78.jpg,ka,78,train
../data/raw/Bali/letter/ka/Ka_87.jpg,ka,87,validation
../data/raw/Bali/letter/ka/Ka_93.jpg,ka,93,test
../data/raw/Bali/letter/ka/Ka_92.jpg,ka,92,train
../data/raw/Bali/letter/ka/Ka_86.jpg,ka,86,train
../data/raw/Bali/letter/ka/Ka_79.jpg,ka,79,train
../data/raw/Bali/letter/ka/Ka_51.jpg,ka,51,train
../data/raw/Bali/letter/ka/Ka_236.jpg,ka,236,train
../data/raw/Bali/letter/ka/Ka_222.jpg,ka,222,train
../data/raw/Bali/letter/ka/Ka_45.jpg,ka,45,validation
../data/raw/Bali/letter/ka/Ka_183.jpg,ka,183,train
../data/raw/Bali/letter/ka/Ka_197.jpg,ka,197,train
../data/raw/Bali/letter/ka/Ka_168.jpg,ka,168,validation
../data/raw/Bali/letter/ka/Ka_140.jpg,ka,140,train
../data/raw/Bali/letter/ka/Ka_154.jpg,ka,154,train
../data/raw/Bali/letter/ka/Ka_142.jpg,ka,142,test
../data/raw/Bali/letter/ka/Ka_156.jpg,ka,156,test
../data/raw/Bali/letter/ka/Ka_181.jpg,ka,181,validation
../data/raw/Bali/letter/ka/Ka_195.jpg,ka,195,validation
../data/raw/Bali/letter/ka/Ka_234.jpg,ka,234,train
../data/raw/Bali/letter/ka/Ka_53.jpg,ka,53,test
../data/raw/Bali/letter/ka/Ka_47.jpg,ka,47,train
../data/raw/Bali/letter/ka/Ka_220.jpg,ka,220,test
../data/raw/Bali/letter/ka/Ka_208.jpg,ka,208,validation
../data/raw/Bali/letter/ka/Ka_90.jpg,ka,90,train
../data/raw/Bali/letter/ka/Ka_84.jpg,ka,84,test
../data/raw/Bali/letter/ka/Ka_85.jpg,ka,85,train
../data/raw/Bali/letter/ka/Ka_91.jpg,ka,91,train
../data/raw/Bali/letter/ka/Ka_209.jpg,ka,209,test
../data/raw/Bali/letter/ka/Ka_221.jpg,ka,221,train
../data/raw/Bali/letter/ka/Ka_46.jpg,ka,46,validation
../data/raw/Bali/letter/ka/Ka_52.jpg,ka,52,train
../data/raw/Bali/letter/ka/Ka_235.jpg,ka,235,train
../data/raw/Bali/letter/ka/Ka_194.jpg,ka,194,validation
../data/raw/Bali/letter/ka/Ka_180.jpg,ka,180,train
../data/raw/Bali/letter/ka/Ka_157.jpg,ka,157,train
../data/raw/Bali/letter/ka/Ka_143.jpg,ka,143,train
../data/raw/Bali/letter/ka/Ka_147.jpg,ka,147,train
../data/raw/Bali/letter/ka/Ka_153.jpg,ka,153,validation
../data/raw/Bali/letter/ka/Ka_184.jpg,ka,184,train
../data/raw/Bali/letter/ka/Ka_190.jpg,ka,190,train
../data/raw/Bali/letter/ka/Ka_219.jpg,ka,219,test
../data/raw/Bali/letter/ka/Ka_231.jpg,ka,231,test
../data/raw/Bali/letter/ka/Ka_56.jpg,ka,56,train
../data/raw/Bali/letter/ka/Ka_42.jpg,ka,42,train
../data/raw/Bali/letter/ka/Ka_225.jpg,ka,225,train
../data/raw/Bali/letter/ka/Ka_95.jpg,ka,95,train
../data/raw/Bali/letter/ka/Ka_81.jpg,ka,81,validation
../data/raw/Bali/letter/ka/Ka_80.jpg,ka,80,test
../data/raw/Bali/letter/ka/Ka_94.jpg,ka,94,train
../data/raw/Bali/letter/ka/Ka_224.jpg,ka,224,test
../data/raw/Bali/letter/ka/Ka_43.jpg,ka,43,test
../data/raw/Bali/letter/ka/Ka_57.jpg,ka,57,train
../data/raw/Bali/letter/ka/Ka_230.jpg,ka,230,train
../data/raw/Bali/letter/ka/Ka_218.jpg,ka,218,test
../data/raw/Bali/letter/ka/Ka_191.jpg,ka,191,train
../data/raw/Bali/letter/ka/Ka_185.jpg,ka,185,train
../data/raw/Bali/letter/ka/Ka_152.jpg,ka,152,test
../data/raw/Bali/letter/ka/Ka_146.jpg,ka,146,train
../data/raw/Bali/letter/ka/Ka_178.jpg,ka,178,train
../data/raw/Bali/letter/ka/Ka_150.jpg,ka,150,test
../data/raw/Bali/letter/ka/Ka_144.jpg,ka,144,validation
../data/raw/Bali/letter/ka/Ka_193.jpg,ka,193,train
../data/raw/Bali/letter/ka/Ka_187.jpg,ka,187,train
../data/raw/Bali/letter/ka/Ka_69.jpg,ka,69,validation
../data/raw/Bali/letter/ka/Ka_41.jpg,ka,41,train
../data/raw/Bali/letter/ka/Ka_226.jpg,ka,226,train
../data/raw/Bali/letter/ka/Ka_232.jpg,ka,232,train
../data/raw/Bali/letter/ka/Ka_55.jpg,ka,55,train
../data/raw/Bali/letter/ka/Ka_9.jpg,ka,9,train
../data/raw/Bali/letter/ka/Ka_82.jpg,ka,82,train
../data/raw/Bali/letter/ka/Ka_96.jpg,ka,96,train
../data/raw/Bali/letter/ka/Ka_97.jpg,ka,97,train
../data/raw/Bali/letter/ka/Ka_8.jpg,ka,8,train
../data/raw/Bali/letter/ka/Ka_83.jpg,ka,83,train
../data/raw/Bali/letter/ka/Ka_54.jpg,ka,54,train
../data/raw/Bali/letter/ka/Ka_233.jpg,ka,233,train
../data/raw/Bali/letter/ka/Ka_227.jpg,ka,227,train
../data/raw/Bali/letter/ka/Ka_40.jpg,ka,40,train
../data/raw/Bali/letter/ka/Ka_68.jpg,ka,68,train
../data/raw/Bali/letter/ka/Ka_186.jpg,ka,186,train
../data/raw/Bali/letter/ka/Ka_192.jpg,ka,192,train
../data/raw/Bali/letter/ka/Ka_145.jpg,ka,145,train
../data/raw/Bali/letter/ka/Ka_151.jpg,ka,151,train
../data/raw/Bali/letter/ka/Ka_179.jpg,ka,179,train
../data/raw/Bali/letter/ka/Ka_174.jpg,ka,174,train
../data/raw/Bali/letter/ka/Ka_160.jpg,ka,160,train
../data/raw/Bali/letter/ka/Ka_148.jpg,ka,148,train
../data/raw/Bali/letter/ka/Ka_65.jpg,ka,65,train
../data/raw/Bali/letter/ka/Ka_202.jpg,ka,202,train
../data/raw/Bali/letter/ka/Ka_216.jpg,ka,216,train
../data/raw/Bali/letter/ka/Ka_71.jpg,ka,71,train
../data/raw/Bali/letter/ka/Ka_59.jpg,ka,59,train
../data/raw/Bali/letter/ka/Ka_5.jpg,ka,5,test
../data/raw/Bali/letter/ka/Ka_4.jpg,ka,4,test
../data/raw/Bali/letter/ka/Ka_58.jpg,ka,58,train
../data/raw/Bali/letter/ka/Ka_70.jpg,ka,70,train
../data/raw/Bali/letter/ka/Ka_217.jpg,ka,217,test
../data/raw/Bali/letter/ka/Ka_203.jpg,ka,203,validation
../data/raw/Bali/letter/ka/Ka_64.jpg,ka,64,train
../data/raw/Bali/letter/ka/Ka_149.jpg,ka,149,test
../data/raw/Bali/letter/ka/Ka_161.jpg,ka,161,test
../data/raw/Bali/letter/ka/Ka_175.jpg,ka,175,train
../data/raw/Bali/letter/ka/Ka_163.jpg,ka,163,train
../data/raw/Bali/letter/ka/Ka_177.jpg,ka,177,train
../data/raw/Bali/letter/ka/Ka_188.jpg,ka,188,train
../data/raw/Bali/letter/ka/Ka_215.jpg,ka,215,validation
../data/raw/Bali/letter/ka/Ka_72.jpg,ka,72,train
../data/raw/Bali/letter/ka/Ka_66.jpg,ka,66,train
../data/raw/Bali/letter/ka/Ka_201.jpg,ka,201,validation
../data/raw/Bali/letter/ka/Ka_229.jpg,ka,229,train
../data/raw/Bali/letter/ka/Ka_6.jpg,ka,6,test
../data/raw/Bali/letter/ka/Ka_99.jpg,ka,99,train
../data/raw/Bali/letter/ka/Ka_98.jpg,ka,98,train
../data/raw/Bali/letter/ka/Ka_7.jpg,ka,7,train
../data/raw/Bali/letter/ka/Ka_228.jpg,ka,228,validation
../data/raw/Bali/letter/ka/Ka_200.jpg,ka,200,test
../data/raw/Bali/letter/ka/Ka_67.jpg,ka,67,train
../data/raw/Bali/letter/ka/Ka_73.jpg,ka,73,train
../data/raw/Bali/letter/ka/Ka_214.jpg,ka,214,train
../data/raw/Bali/letter/ka/Ka_189.jpg,ka,189,train
../data/raw/Bali/letter/ka/Ka_176.jpg,ka,176,train
../data/raw/Bali/letter/ka/Ka_162.jpg,ka,162,train
../data/raw/Bali/letter/ka/Ka_166.jpg,ka,166,train
../data/raw/Bali/letter/ka/Ka_172.jpg,ka,172,train
../data/raw/Bali/letter/ka/Ka_199.jpg,ka,199,train
../data/raw/Bali/letter/ka/Ka_238.jpg,ka,238,train
../data/raw/Bali/letter/ka/Ka_210.jpg,ka,210,train
../data/raw/Bali/letter/ka/Ka_77.jpg,ka,77,train
../data/raw/Bali/letter/ka/Ka_63.jpg,ka,63,train
../data/raw/Bali/letter/ka/Ka_204.jpg,ka,204,train
../data/raw/Bali/letter/ka/Ka_3.jpg,ka,3,test
../data/raw/Bali/letter/ka/Ka_88.jpg,ka,88,train
../data/raw/Bali/letter/ka/Ka_2.jpg,ka,2,train
../data/raw/Bali/letter/ka/Ka_89.jpg,ka,89,validation
../data/raw/Bali/letter/ka/Ka_205.jpg,ka,205,train
../data/raw/Bali/letter/ka/Ka_62.jpg,ka,62,validation
../data/raw/Bali/letter/ka/Ka_76.jpg,ka,76,validation
../data/raw/Bali/letter/ka/Ka_211.jpg,ka,211,train
../data/raw/Bali/letter/ka/Ka_239.jpg,ka,239,train
../data/raw/Bali/letter/ka/Ka_198.jpg,ka,198,train
../data/raw/Bali/letter/ka/Ka_173.jpg,ka,173,train
../data/raw/Bali/letter/ka/Ka_167.jpg,ka,167,train
../data/raw/Bali/letter/ka/Ka_159.jpg,ka,159,validation
../data/raw/Bali/letter/ka/Ka_171.jpg,ka,171,train
../data/raw/Bali/letter/ka/Ka_165.jpg,ka,165,train
../data/raw/Bali/letter/ka/Ka_48.jpg,ka,48,test
../data/raw/Bali/letter/ka/Ka_60.jpg,ka,60,train
../data/raw/Bali/letter/ka/Ka_207.jpg,ka,207,train
../data/raw/Bali/letter/ka/Ka_213.jpg,ka,213,train
../data/raw/Bali/letter/ka/Ka_74.jpg,ka,74,train
../data/raw/Bali/letter/ka/Ka_1.jpg,ka,1,train
../data/raw/Bali/letter/ka/Ka_75.jpg,ka,75,test
../data/raw/Bali/letter/ka/Ka_212.jpg,ka,212,validation
../data/raw/Bali/letter/ka/Ka_206.jpg,ka,206,train
../data/raw/Bali/letter/ka/Ka_61.jpg,ka,61,test
../data/raw/Bali/letter/ka/Ka_49.jpg,ka,49,train
../data/raw/Bali/letter/ka/Ka_164.jpg,ka,164,train
../data/raw/Bali/letter/ka/Ka_170.jpg,ka,170,train
../data/raw/Bali/letter/ka/Ka_158.jpg,ka,158,train
../data/raw/Bali/letter/ka/Ka_117.jpg,ka,117,validation
../data/raw/Bali/letter/ka/Ka_103.jpg,ka,103,test
../data/raw/Bali/letter/ka/Ka_12.jpg,ka,12,train
../data/raw/Bali/letter/ka/Ka_249.jpg,ka,249,train
../data/raw/Bali/letter/ka/Ka_248.jpg,ka,248,train
../data/raw/Bali/letter/ka/Ka_13.jpg,ka,13,validation
../data/raw/Bali/letter/ka/Ka_102.jpg,ka,102,test
../data/raw/Bali/letter/ka/Ka_116.jpg,ka,116,test
../data/raw/Bali/letter/ka/Ka_100.jpg,ka,100,train
../data/raw/Bali/letter/ka/Ka_114.jpg,ka,114,train
../data/raw/Bali/letter/ka/Ka_128.jpg,ka,128,train
../data/raw/Bali/letter/ka/Ka_11.jpg,ka,11,test
../data/raw/Bali/letter/ka/Ka_39.jpg,ka,39,test
../data/raw/Bali/letter/ka/Ka_38.jpg,ka,38,train
../data/raw/Bali/letter/ka/Ka_10.jpg,ka,10,validation
../data/raw/Bali/letter/ka/Ka_129.jpg,ka,129,train
../data/raw/Bali/letter/ka/Ka_115.jpg,ka,115,train
../data/raw/Bali/letter/ka/Ka_101.jpg,ka,101,train
../data/raw/Bali/letter/ka/Ka_139.jpg,ka,139,train
../data/raw/Bali/letter/ka/Ka_105.jpg,ka,105,train
../data/raw/Bali/letter/ka/Ka_111.jpg,ka,111,train
../data/raw/Bali/letter/ka/Ka_28.jpg,ka,28,validation
../data/raw/Bali/letter/ka/Ka_14.jpg,ka,14,train
../data/raw/Bali/letter/ka/Ka_15.jpg,ka,15,train
../data/raw/Bali/letter/ka/Ka_29.jpg,ka,29,train
../data/raw/Bali/letter/ka/Ka_110.jpg,ka,110,train
../data/raw/Bali/letter/ka/Ka_104.jpg,ka,104,validation
../data/raw/Bali/letter/ka/Ka_138.jpg,ka,138,train
../data/raw/Bali/letter/ka/Ka_112.jpg,ka,112,train
../data/raw/Bali/letter/ka/Ka_106.jpg,ka,106,train
../data/raw/Bali/letter/ka/Ka_17.jpg,ka,17,train
../data/raw/Bali/letter/ka/Ka_16.jpg,ka,16,test
../data/raw/Bali/letter/ka/Ka_107.jpg,ka,107,test
../data/raw/Bali/letter/ka/Ka_113.jpg,ka,113,test
../data/raw/Bali/letter/la/La_147.jpg,la,147,train
../data/raw/Bali/letter/la/La_153.jpg,la,153,validation
../data/raw/Bali/letter/la/La_184.jpg,la,184,train
../data/raw/Bali/letter/la/La_190.jpg,la,190,train
../data/raw/Bali/letter/la/La_219.jpg,la,219,test
../data/raw/Bali/letter/la/La_98.jpg,la,98,train
../data/raw/Bali/letter/la/La_231.jpg,la,231,test
../data/raw/Bali/letter/la/La_225.jpg,la,225,train
../data/raw/Bali/letter/la/La_67.jpg,la,67,train
../data/raw/Bali/letter/la/La_73.jpg,la,73,train
../data/raw/Bali/letter/la/La_72.jpg,la,72,train
../data/raw/Bali/letter/la/La_66.jpg,la,66,train
../data/raw/Bali/letter/la/La_224.jpg,la,224,test
../data/raw/Bali/letter/la/La_230.jpg,la,230,train
../data/raw/Bali/letter/la/La_99.jpg,la,99,train
../data/raw/Bali/letter/la/La_218.jpg,la,218,test
../data/raw/Bali/letter/la/La_191.jpg,la,191,train
../data/raw/Bali/letter/la/La_185.jpg,la,185,train
../data/raw/Bali/letter/la/La_152.jpg,la,152,test
../data/raw/Bali/letter/la/La_146.jpg,la,146,train
../data/raw/Bali/letter/la/La_178.jpg,la,178,train
../data/raw/Bali/letter/la/La_150.jpg,la,150,test
../data/raw/Bali/letter/la/La_144.jpg,la,144,validation
../data/raw/Bali/letter/la/La_193.jpg,la,193,train
../data/raw/Bali/letter/la/La_187.jpg,la,187,train
../data/raw/Bali/letter/la/La_226.jpg,la,226,train
../data/raw/Bali/letter/la/La_232.jpg,la,232,train
../data/raw/Bali/letter/la/La_70.jpg,la,70,train
../data/raw/Bali/letter/la/La_64.jpg,la,64,train
../data/raw/Bali/letter/la/La_58.jpg,la,58,train
../data/raw/Bali/letter/la/La_59.jpg,la,59,train
../data/raw/Bali/letter/la/La_65.jpg,la,65,train
../data/raw/Bali/letter/la/La_71.jpg,la,71,train
../data/raw/Bali/letter/la/La_233.jpg,la,233,train
../data/raw/Bali/letter/la/La_227.jpg,la,227,train
../data/raw/Bali/letter/la/La_186.jpg,la,186,train
../data/raw/Bali/letter/la/La_192.jpg,la,192,train
../data/raw/Bali/letter/la/La_145.jpg,la,145,train
../data/raw/Bali/letter/la/La_151.jpg,la,151,train
../data/raw/Bali/letter/la/La_179.jpg,la,179,train
../data/raw/Bali/letter/la/La_155.jpg,la,155,train
../data/raw/Bali/letter/la/La_141.jpg,la,141,train
../data/raw/Bali/letter/la/La_169.jpg,la,169,train
../data/raw/Bali/letter/la/La_196.jpg,la,196,validation
../data/raw/Bali/letter/la/La_182.jpg,la,182,train
../data/raw/Bali/letter/la/La_223.jpg,la,223,train
../data/raw/Bali/letter/la/La_237.jpg,la,237,train
../data/raw/Bali/letter/la/La_49.jpg,la,49,train
../data/raw/Bali/letter/la/La_75.jpg,la,75,test
../data/raw/Bali/letter/la/La_61.jpg,la,61,test
../data/raw/Bali/letter/la/La_60.jpg,la,60,train
../data/raw/Bali/letter/la/La_74.jpg,la,74,train
../data/raw/Bali/letter/la/La_48.jpg,la,48,test
../data/raw/Bali/letter/la/La_236.jpg,la,236,train
../data/raw/Bali/letter/la/La_222.jpg,la,222,train
../data/raw/Bali/letter/la/La_183.jpg,la,183,train
../data/raw/Bali/letter/la/La_197.jpg,la,197,train
../data/raw/Bali/letter/la/La_168.jpg,la,168,validation
../data/raw/Bali/letter/la/La_140.jpg,la,140,train
../data/raw/Bali/letter/la/La_154.jpg,la,154,train
../data/raw/Bali/letter/la/La_142.jpg,la,142,test
../data/raw/Bali/letter/la/La_156.jpg,la,156,test
../data/raw/Bali/letter/la/La_181.jpg,la,181,validation
../data/raw/Bali/letter/la/La_195.jpg,la,195,validation
../data/raw/Bali/letter/la/La_234.jpg,la,234,train
../data/raw/Bali/letter/la/La_220.jpg,la,220,test
../data/raw/Bali/letter/la/La_89.jpg,la,89,validation
../data/raw/Bali/letter/la/La_208.jpg,la,208,validation
../data/raw/Bali/letter/la/La_62.jpg,la,62,validation
../data/raw/Bali/letter/la/La_76.jpg,la,76,validation
../data/raw/Bali/letter/la/La_77.jpg,la,77,train
../data/raw/Bali/letter/la/La_63.jpg,la,63,train
../data/raw/Bali/letter/la/La_209.jpg,la,209,test
../data/raw/Bali/letter/la/La_88.jpg,la,88,train
../data/raw/Bali/letter/la/La_221.jpg,la,221,train
../data/raw/Bali/letter/la/La_235.jpg,la,235,train
../data/raw/Bali/letter/la/La_194.jpg,la,194,validation
../data/raw/Bali/letter/la/La_180.jpg,la,180,train
../data/raw/Bali/letter/la/La_157.jpg,la,157,train
../data/raw/Bali/letter/la/La_143.jpg,la,143,train
../data/raw/Bali/letter/la/La_118.jpg,la,118,train
../data/raw/Bali/letter/la/La_124.jpg,la,124,test
../data/raw/Bali/letter/la/La_130.jpg,la,130,validation
../data/raw/Bali/letter/la/La_246.jpg,la,246,validation
../data/raw/Bali/letter/la/La_10.jpg,la,10,validation
../data/raw/Bali/letter/la/La_38.jpg,la,38,train
../data/raw/Bali/letter/la/La_5.jpg,la,5,test
../data/raw/Bali/letter/la/La_4.jpg,la,4,test
../data/raw/Bali/letter/la/La_39.jpg,la,39,test
../data/raw/Bali/letter/la/La_11.jpg,la,11,test
../data/raw/Bali/letter/la/La_247.jpg,la,247,train
../data/raw/Bali/letter/la/La_131.jpg,la,131,train
../data/raw/Bali/letter/la/La_125.jpg,la,125,test
../data/raw/Bali/letter/la/La_119.jpg,la,119,validation
../data/raw/Bali/letter/la/La_133.jpg,la,133,train
../data/raw/Bali/letter/la/La_127.jpg,la,127,validation
../data/raw/Bali/letter/la/La_245.jpg,la,245,train
../data/raw/Bali/letter/la/La_13.jpg,la,13,validation
../data/raw/Bali/letter/la/La_6.jpg,la,6,test
../data/raw/Bali/letter/la/La_7.jpg,la,7,train
../data/raw/Bali/letter/la/La_12.jpg,la,12,train
../data/raw/Bali/letter/la/La_250.jpg,la,250,train
../data/raw/Bali/letter/la/La_244.jpg,la,244,train
../data/raw/Bali/letter/la/La_126.jpg,la,126,validation
../data/raw/Bali/letter/la/La_132.jpg,la,132,train
../data/raw/Bali/letter/la/La_136.jpg,la,136,validation
../data/raw/Bali/letter/la/La_122.jpg,la,122,train
../data/raw/Bali/letter/la/La_240.jpg,la,240,validation
../data/raw/Bali/letter/la/La_16.jpg,la,16,test
../data/raw/Bali/letter/la/La_3.jpg,la,3,test
../data/raw/Bali/letter/la/La_2.jpg,la,2,train
../data/raw/Bali/letter/la/La_17.jpg,la,17,train
../data/raw/Bali/letter/la/La_241.jpg,la,241,train
../data/raw/Bali/letter/la/La_123.jpg,la,123,validation
../data/raw/Bali/letter/la/La_137.jpg,la,137,train
../data/raw/Bali/letter/la/La_121.jpg,la,121,train
../data/raw/Bali/letter/la/La_135.jpg,la,135,test
../data/raw/Bali/letter/la/La_109.jpg,la,109,validation
../data/raw/Bali/letter/la/La_243.jpg,la,243,train
../data/raw/Bali/letter/la/La_29.jpg,la,29,train
../data/raw/Bali/letter/la/La_15.jpg,la,15,train
../data/raw/Bali/letter/la/La_1.jpg,la,1,train
../data/raw/Bali/letter/la/La_14.jpg,la,14,train
../data/raw/Bali/letter/la/La_28.jpg,la,28,validation
../data/raw/Bali/letter/la/La_242.jpg,la,242,train
../data/raw/Bali/letter/la/La_108.jpg,la,108,train
../data/raw/Bali/letter/la/La_134.jpg,la,134,train
../data/raw/Bali/letter/la/La_120.jpg,la,120,train
../data/raw/Bali/letter/la/La_139.jpg,la,139,train
../data/raw/Bali/letter/la/La_105.jpg,la,105,train
../data/raw/Bali/letter/la/La_111.jpg,la,111,train
../data/raw/Bali/letter/la/La_25.jpg,la,25,train
../data/raw/Bali/letter/la/La_31.jpg,la,31,test
../data/raw/Bali/letter/la/La_19.jpg,la,19,train
../data/raw/Bali/letter/la/La_18.jpg,la,18,train
../data/raw/Bali/letter/la/La_30.jpg,la,30,validation
../data/raw/Bali/letter/la/La_24.jpg,la,24,train
../data/raw/Bali/letter/la/La_110.jpg,la,110,train
../data/raw/Bali/letter/la/La_104.jpg,la,104,validation
../data/raw/Bali/letter/la/La_138.jpg,la,138,train
../data/raw/Bali/letter/la/La_112.jpg,la,112,train
../data/raw/Bali/letter/la/La_106.jpg,la,106,train
../data/raw/Bali/letter/la/La_32.jpg,la,32,train
../data/raw/Bali/letter/la/La_26.jpg,la,26,train
../data/raw/Bali/letter/la/La_27.jpg,la,27,train
../data/raw/Bali/letter/la/La_33.jpg,la,33,train
../data/raw/Bali/letter/la/La_107.jpg,la,107,test
../data/raw/Bali/letter/la/La_113.jpg,la,113,test
../data/raw/Bali/letter/la/La_117.jpg,la,117,validation
../data/raw/Bali/letter/la/La_103.jpg,la,103,test
../data/raw/Bali/letter/la/La_249.jpg,la,249,train
../data/raw/Bali/letter/la/La_37.jpg,la,37,train
../data/raw/Bali/letter/la/La_23.jpg,la,23,train
../data/raw/Bali/letter/la/La_22.jpg,la,22,validation
../data/raw/Bali/letter/la/La_36.jpg,la,36,train
../data/raw/Bali/letter/la/La_248.jpg,la,248,train
../data/raw/Bali/letter/la/La_102.jpg,la,102,test
../data/raw/Bali/letter/la/La_116.jpg,la,116,test
../data/raw/Bali/letter/la/La_100.jpg,la,100,train
../data/raw/Bali/letter/la/La_114.jpg,la,114,train
../data/raw/Bali/letter/la/La_128.jpg,la,128,train
../data/raw/Bali/letter/la/La_20.jpg,la,20,train
../data/raw/Bali/letter/la/La_34.jpg,la,34,train
../data/raw/Bali/letter/la/La_9.jpg,la,9,train
../data/raw/Bali/letter/la/La_8.jpg,la,8,train
../data/raw/Bali/letter/la/La_35.jpg,la,35,train
../data/raw/Bali/letter/la/La_21.jpg,la,21,train
../data/raw/Bali/letter/la/La_129.jpg,la,129,train
../data/raw/Bali/letter/la/La_115.jpg,la,115,train
../data/raw/Bali/letter/la/La_101.jpg,la,101,train
../data/raw/Bali/letter/la/La_166.jpg,la,166,train
../data/raw/Bali/letter/la/La_172.jpg,la,172,train
../data/raw/Bali/letter/la/La_199.jpg,la,199,train
../data/raw/Bali/letter/la/La_85.jpg,la,85,train
../data/raw/Bali/letter/la/La_238.jpg,la,238,train
../data/raw/Bali/letter/la/La_91.jpg,la,91,train
../data/raw/Bali/letter/la/La_210.jpg,la,210,train
../data/raw/Bali/letter/la/La_204.jpg,la,204,train
../data/raw/Bali/letter/la/La_46.jpg,la,46,validation
../data/raw/Bali/letter/la/La_52.jpg,la,52,train
../data/raw/Bali/letter/la/La_53.jpg,la,53,test
../data/raw/Bali/letter/la/La_47.jpg,la,47,train
../data/raw/Bali/letter/la/La_205.jpg,la,205,train
../data/raw/Bali/letter/la/La_211.jpg,la,211,train
../data/raw/Bali/letter/la/La_90.jpg,la,90,train
../data/raw/Bali/letter/la/La_239.jpg,la,239,train
../data/raw/Bali/letter/la/La_84.jpg,la,84,test
../data/raw/Bali/letter/la/La_198.jpg,la,198,train
../data/raw/Bali/letter/la/La_173.jpg,la,173,train
../data/raw/Bali/letter/la/La_167.jpg,la,167,train
../data/raw/Bali/letter/la/La_159.jpg,la,159,validation
../data/raw/Bali/letter/la/La_171.jpg,la,171,train
../data/raw/Bali/letter/la/La_165.jpg,la,165,train
../data/raw/Bali/letter/la/La_92.jpg,la,92,train
../data/raw/Bali/letter/la/La_86.jpg,la,86,train
../data/raw/Bali/letter/la/La_207.jpg,la,207,train
../data/raw/Bali/letter/la/La_213.jpg,la,213,train
../data/raw/Bali/letter/la/La_51.jpg,la,51,train
../data/raw/Bali/letter/la/La_45.jpg,la,45,validation
../data/raw/Bali/letter/la/La_79.jpg,la,79,train
../data/raw/Bali/letter/la/La_78.jpg,la,78,train
../data/raw/Bali/letter/la/La_44.jpg,la,44,train
../data/raw/Bali/letter/la/La_50.jpg,la,50,train
../data/raw/Bali/letter/la/La_212.jpg,la,212,validation
../data/raw/Bali/letter/la/La_206.jpg,la,206,train
../data/raw/Bali/letter/la/La_87.jpg,la,87,validation
../data/raw/Bali/letter/la/La_93.jpg,la,93,test
../data/raw/Bali/letter/la/La_164.jpg,la,164,train
../data/raw/Bali/letter/la/La_170.jpg,la,170,train
../data/raw/Bali/letter/la/La_158.jpg,la,158,train
../data/raw/Bali/letter/la/La_174.jpg,la,174,train
../data/raw/Bali/letter/la/La_160.jpg,la,160,train
../data/raw/Bali/letter/la/La_148.jpg,la,148,train
../data/raw/Bali/letter/la/La_202.jpg,la,202,train
../data/raw/Bali/letter/la/La_216.jpg,la,216,train
../data/raw/Bali/letter/la/La_97.jpg,la,97,train
../data/raw/Bali/letter/la/La_83.jpg,la,83,train
../data/raw/Bali/letter/la/La_68.jpg,la,68,train
../data/raw/Bali/letter/la/La_54.jpg,la,54,train
../data/raw/Bali/letter/la/La_40.jpg,la,40,train
../data/raw/Bali/letter/la/La_41.jpg,la,41,train
../data/raw/Bali/letter/la/La_55.jpg,la,55,train
../data/raw/Bali/letter/la/La_69.jpg,la,69,validation
../data/raw/Bali/letter/la/La_82.jpg,la,82,train
../data/raw/Bali/letter/la/La_96.jpg,la,96,train
../data/raw/Bali/letter/la/La_217.jpg,la,217,test
../data/raw/Bali/letter/la/La_203.jpg,la,203,validation
../data/raw/Bali/letter/la/La_149.jpg,la,149,test
../data/raw/Bali/letter/la/La_161.jpg,la,161,test
../data/raw/Bali/letter/la/La_175.jpg,la,175,train
../data/raw/Bali/letter/la/La_163.jpg,la,163,train
../data/raw/Bali/letter/la/La_177.jpg,la,177,train
../data/raw/Bali/letter/la/La_188.jpg,la,188,train
../data/raw/Bali/letter/la/La_215.jpg,la,215,validation
../data/raw/Bali/letter/la/La_201.jpg,la,201,validation
../data/raw/Bali/letter/la/La_80.jpg,la,80,test
../data/raw/Bali/letter/la/La_229.jpg,la,229,train
../data/raw/Bali/letter/la/La_94.jpg,la,94,train
../data/raw/Bali/letter/la/La_43.jpg,la,43,test
../data/raw/Bali/letter/la/La_57.jpg,la,57,train
../data/raw/Bali/letter/la/La_56.jpg,la,56,train
../data/raw/Bali/letter/la/La_42.jpg,la,42,train
../data/raw/Bali/letter/la/La_95.jpg,la,95,train
../data/raw/Bali/letter/la/La_228.jpg,la,228,validation
../data/raw/Bali/letter/la/La_81.jpg,la,81,validation
../data/raw/Bali/letter/la/La_200.jpg,la,200,test
../data/raw/Bali/letter/la/La_214.jpg,la,214,train
../data/raw/Bali/letter/la/La_189.jpg,la,189,train
../data/raw/Bali/letter/la/La_176.jpg,la,176,train
../data/raw/Bali/letter/la/La_162.jpg,la,162,train
../data/raw/Bali/letter/ma/Ma_153.jpg,ma,153,validation
../data/raw/Bali/letter/ma/Ma_147.jpg,ma,147,train
../data/raw/Bali/letter/ma/Ma_190.jpg,ma,190,train
../data/raw/Bali/letter/ma/Ma_184.jpg,ma,184,train
../data/raw/Bali/letter/ma/Ma_219.jpg,ma,219,test
../data/raw/Bali/letter/ma/Ma_225.jpg,ma,225,train
../data/raw/Bali/letter/ma/Ma_231.jpg,ma,231,test
../data/raw/Bali/letter/ma/Ma_89.jpg,ma,89,validation
../data/raw/Bali/letter/ma/Ma_76.jpg,ma,76,validation
../data/raw/Bali/letter/ma/Ma_62.jpg,ma,62,validation
../data/raw/Bali/letter/ma/Ma_63.jpg,ma,63,train
../data/raw/Bali/letter/ma/Ma_77.jpg,ma,77,train
../data/raw/Bali/letter/ma/Ma_88.jpg,ma,88,train
../data/raw/Bali/letter/ma/Ma_230.jpg,ma,230,train
../data/raw/Bali/letter/ma/Ma_224.jpg,ma,224,test
../data/raw/Bali/letter/ma/Ma_218.jpg,ma,218,test
../data/raw/Bali/letter/ma/Ma_185.jpg,ma,185,train
../data/raw/Bali/letter/ma/Ma_191.jpg,ma,191,train
../data/raw/Bali/letter/ma/Ma_146.jpg,ma,146,train
../data/raw/Bali/letter/ma/Ma_152.jpg,ma,152,test
../data/raw/Bali/letter/ma/Ma_178.jpg,ma,178,train
../data/raw/Bali/letter/ma/Ma_144.jpg,ma,144,validation
../data/raw/Bali/letter/ma/Ma_150.jpg,ma,150,test
../data/raw/Bali/letter/ma/Ma_187.jpg,ma,187,train
../data/raw/Bali/letter/ma/Ma_193.jpg,ma,193,train
../data/raw/Bali/letter/ma/Ma_232.jpg,ma,232,train
../data/raw/Bali/letter/ma/Ma_226.jpg,ma,226,train
../data/raw/Bali/letter/ma/Ma_61.jpg,ma,61,test
../data/raw/Bali/letter/ma/Ma_75.jpg,ma,75,test
../data/raw/Bali/letter/ma/Ma_49.jpg,ma,49,train
../data/raw/Bali/letter/ma/Ma_48.jpg,ma,48,test
../data/raw/Bali/letter/ma/Ma_74.jpg,ma,74,train
../data/raw/Bali/letter/ma/Ma_60.jpg,ma,60,train
../data/raw/Bali/letter/ma/Ma_227.jpg,ma,227,train
../data/raw/Bali/letter/ma/Ma_233.jpg,ma,233,train
../data/raw/Bali/letter/ma/Ma_192.jpg,ma,192,train
../data/raw/Bali/letter/ma/Ma_186.jpg,ma,186,train
../data/raw/Bali/letter/ma/Ma_151.jpg,ma,151,train
../data/raw/Bali/letter/ma/Ma_145.jpg,ma,145,train
../data/raw/Bali/letter/ma/Ma_179.jpg,ma,179,train
../data/raw/Bali/letter/ma/Ma_141.jpg,ma,141,train
../data/raw/Bali/letter/ma/Ma_155.jpg,ma,155,train
../data/raw/Bali/letter/ma/Ma_169.jpg,ma,169,train
../data/raw/Bali/letter/ma/Ma_182.jpg,ma,182,train
../data/raw/Bali/letter/ma/Ma_196.jpg,ma,196,validation
../data/raw/Bali/letter/ma/Ma_8.jpg,ma,8,train
../data/raw/Bali/letter/ma/Ma_237.jpg,ma,237,train
../data/raw/Bali/letter/ma/Ma_223.jpg,ma,223,train
../data/raw/Bali/letter/ma/Ma_58.jpg,ma,58,train
../data/raw/Bali/letter/ma/Ma_64.jpg,ma,64,train
../data/raw/Bali/letter/ma/Ma_70.jpg,ma,70,train
../data/raw/Bali/letter/ma/Ma_71.jpg,ma,71,train
../data/raw/Bali/letter/ma/Ma_65.jpg,ma,65,train
../data/raw/Bali/letter/ma/Ma_59.jpg,ma,59,train
../data/raw/Bali/letter/ma/Ma_222.jpg,ma,222,train
../data/raw/Bali/letter/ma/Ma_236.jpg,ma,236,train
../data/raw/Bali/letter/ma/Ma_9.jpg,ma,9,train
../data/raw/Bali/letter/ma/Ma_197.jpg,ma,197,train
../data/raw/Bali/letter/ma/Ma_183.jpg,ma,183,train
../data/raw/Bali/letter/ma/Ma_168.jpg,ma,168,validation
../data/raw/Bali/letter/ma/Ma_154.jpg,ma,154,train
../data/raw/Bali/letter/ma/Ma_140.jpg,ma,140,train
../data/raw/Bali/letter/ma/Ma_156.jpg,ma,156,test
../data/raw/Bali/letter/ma/Ma_142.jpg,ma,142,test
../data/raw/Bali/letter/ma/Ma_195.jpg,ma,195,validation
../data/raw/Bali/letter/ma/Ma_181.jpg,ma,181,validation
../data/raw/Bali/letter/ma/Ma_220.jpg,ma,220,test
../data/raw/Bali/letter/ma/Ma_234.jpg,ma,234,train
../data/raw/Bali/letter/ma/Ma_208.jpg,ma,208,validation
../data/raw/Bali/letter/ma/Ma_98.jpg,ma,98,train
../data/raw/Bali/letter/ma/Ma_73.jpg,ma,73,train
../data/raw/Bali/letter/ma/Ma_67.jpg,ma,67,train
../data/raw/Bali/letter/ma/Ma_66.jpg,ma,66,train
../data/raw/Bali/letter/ma/Ma_72.jpg,ma,72,train
../data/raw/Bali/letter/ma/Ma_99.jpg,ma,99,train
../data/raw/Bali/letter/ma/Ma_209.jpg,ma,209,test
../data/raw/Bali/letter/ma/Ma_235.jpg,ma,235,train
../data/raw/Bali/letter/ma/Ma_221.jpg,ma,221,train
../data/raw/Bali/letter/ma/Ma_180.jpg,ma,180,train
../data/raw/Bali/letter/ma/Ma_194.jpg,ma,194,validation
../data/raw/Bali/letter/ma/Ma_143.jpg,ma,143,train
../data/raw/Bali/letter/ma/Ma_157.jpg,ma,157,train
../data/raw/Bali/letter/ma/Ma_118.jpg,ma,118,train
../data/raw/Bali/letter/ma/Ma_130.jpg,ma,130,validation
../data/raw/Bali/letter/ma/Ma_124.jpg,ma,124,test
../data/raw/Bali/letter/ma/Ma_246.jpg,ma,246,validation
../data/raw/Bali/letter/ma/Ma_15.jpg,ma,15,train
../data/raw/Bali/letter/ma/Ma_29.jpg,ma,29,train
../data/raw/Bali/letter/ma/Ma_28.jpg,ma,28,validation
../data/raw/Bali/letter/ma/Ma_14.jpg,ma,14,train
../data/raw/Bali/letter/ma/Ma_247.jpg,ma,247,train
../data/raw/Bali/letter/ma/Ma_125.jpg,ma,125,test
../data/raw/Bali/letter/ma/Ma_131.jpg,ma,131,train
../data/raw/Bali/letter/ma/Ma_119.jpg,ma,119,validation
../data/raw/Bali/letter/ma/Ma_127.jpg,ma,127,validation
../data/raw/Bali/letter/ma/Ma_133.jpg,ma,133,train
../data/raw/Bali/letter/ma/Ma_245.jpg,ma,245,train
../data/raw/Bali/letter/ma/Ma_16.jpg,ma,16,test
../data/raw/Bali/letter/ma/Ma_17.jpg,ma,17,train
../data/raw/Bali/letter/ma/Ma_244.jpg,ma,244,train
../data/raw/Bali/letter/ma/Ma_250.jpg,ma,250,train
../data/raw/Bali/letter/ma/Ma_132.jpg,ma,132,train
../data/raw/Bali/letter/ma/Ma_126.jpg,ma,126,validation
../data/raw/Bali/letter/ma/Ma_122.jpg,ma,122,train
../data/raw/Bali/letter/ma/Ma_136.jpg,ma,136,validation
../data/raw/Bali/letter/ma/Ma_240.jpg,ma,240,validation
../data/raw/Bali/letter/ma/Ma_13.jpg,ma,13,validation
../data/raw/Bali/letter/ma/Ma_12.jpg,ma,12,train
../data/raw/Bali/letter/ma/Ma_241.jpg,ma,241,train
../data/raw/Bali/letter/ma/Ma_137.jpg,ma,137,train
../data/raw/Bali/letter/ma/Ma_123.jpg,ma,123,validation
../data/raw/Bali/letter/ma/Ma_135.jpg,ma,135,test
../data/raw/Bali/letter/ma/Ma_121.jpg,ma,121,train
../data/raw/Bali/letter/ma/Ma_109.jpg,ma,109,validation
../data/raw/Bali/letter/ma/Ma_243.jpg,ma,243,train
../data/raw/Bali/letter/ma/Ma_38.jpg,ma,38,train
../data/raw/Bali/letter/ma/Ma_10.jpg,ma,10,validation
../data/raw/Bali/letter/ma/Ma_11.jpg,ma,11,test
../data/raw/Bali/letter/ma/Ma_39.jpg,ma,39,test
../data/raw/Bali/letter/ma/Ma_242.jpg,ma,242,train
../data/raw/Bali/letter/ma/Ma_108.jpg,ma,108,train
../data/raw/Bali/letter/ma/Ma_120.jpg,ma,120,train
../data/raw/Bali/letter/ma/Ma_134.jpg,ma,134,train
../data/raw/Bali/letter/ma/Ma_139.jpg,ma,139,train
../data/raw/Bali/letter/ma/Ma_111.jpg,ma,111,train
../data/raw/Bali/letter/ma/Ma_105.jpg,ma,105,train
../data/raw/Bali/letter/ma/Ma_34.jpg,ma,34,train
../data/raw/Bali/letter/ma/Ma_20.jpg,ma,20,train
../data/raw/Bali/letter/ma/Ma_21.jpg,ma,21,train
../data/raw/Bali/letter/ma/Ma_35.jpg,ma,35,train
../data/raw/Bali/letter/ma/Ma_104.jpg,ma,104,validation
../data/raw/Bali/letter/ma/Ma_110.jpg,ma,110,train
../data/raw/Bali/letter/ma/Ma_138.jpg,ma,138,train
../data/raw/Bali/letter/ma/Ma_106.jpg,ma,106,train
../data/raw/Bali/letter/ma/Ma_112.jpg,ma,112,train
../data/raw/Bali/letter/ma/Ma_23.jpg,ma,23,train
../data/raw/Bali/letter/ma/Ma_37.jpg,ma,37,train
../data/raw/Bali/letter/ma/Ma_36.jpg,ma,36,train
../data/raw/Bali/letter/ma/Ma_22.jpg,ma,22,validation
../data/raw/Bali/letter/ma/Ma_113.jpg,ma,113,test
../data/raw/Bali/letter/ma/Ma_107.jpg,ma,107,test
../data/raw/Bali/letter/ma/Ma_103.jpg,ma,103,test
../data/raw/Bali/letter/ma/Ma_117.jpg,ma,117,validation
../data/raw/Bali/letter/ma/Ma_249.jpg,ma,249,train
../data/raw/Bali/letter/ma/Ma_26.jpg,ma,26,train
../data/raw/Bali/letter/ma/Ma_32.jpg,ma,32,train
../data/raw/Bali/letter/ma/Ma_33.jpg,ma,33,train
../data/raw/Bali/letter/ma/Ma_27.jpg,ma,27,train
../data/raw/Bali/letter/ma/Ma_248.jpg,ma,248,train
../data/raw/Bali/letter/ma/Ma_116.jpg,ma,116,test
../data/raw/Bali/letter/ma/Ma_102.jpg,ma,102,test
../data/raw/Bali/letter/ma/Ma_114.jpg,ma,114,train
../data/raw/Bali/letter/ma/Ma_100.jpg,ma,100,train
../data/raw/Bali/letter/ma/Ma_128.jpg,ma,128,train
../data/raw/Bali/letter/ma/Ma_19.jpg,ma,19,train
../data/raw/Bali/letter/ma/Ma_31.jpg,ma,31,test
../data/raw/Bali/letter/ma/Ma_25.jpg,ma,25,train
../data/raw/Bali/letter/ma/Ma_24.jpg,ma,24,train
../data/raw/Bali/letter/ma/Ma_30.jpg,ma,30,validation
../data/raw/Bali/letter/ma/Ma_18.jpg,ma,18,train
../data/raw/Bali/letter/ma/Ma_129.jpg,ma,129,train
../data/raw/Bali/letter/ma/Ma_101.jpg,ma,101,train
../data/raw/Bali/letter/ma/Ma_115.jpg,ma,115,train
../data/raw/Bali/letter/ma/Ma_172.jpg,ma,172,train
../data/raw/Bali/letter/ma/Ma_166.jpg,ma,166,train
../data/raw/Bali/letter/ma/Ma_199.jpg,ma,199,train
../data/raw/Bali/letter/ma/Ma_7.jpg,ma,7,train
../data/raw/Bali/letter/ma/Ma_238.jpg,ma,238,train
../data/raw/Bali/letter/ma/Ma_204.jpg,ma,204,train
../data/raw/Bali/letter/ma/Ma_210.jpg,ma,210,train
../data/raw/Bali/letter/ma/Ma_94.jpg,ma,94,train
../data/raw/Bali/letter/ma/Ma_80.jpg,ma,80,test
../data/raw/Bali/letter/ma/Ma_57.jpg,ma,57,train
../data/raw/Bali/letter/ma/Ma_43.jpg,ma,43,test
../data/raw/Bali/letter/ma/Ma_42.jpg,ma,42,train
../data/raw/Bali/letter/ma/Ma_56.jpg,ma,56,train
../data/raw/Bali/letter/ma/Ma_81.jpg,ma,81,validation
../data/raw/Bali/letter/ma/Ma_95.jpg,ma,95,train
../data/raw/Bali/letter/ma/Ma_211.jpg,ma,211,train
../data/raw/Bali/letter/ma/Ma_205.jpg,ma,205,train
../data/raw/Bali/letter/ma/Ma_239.jpg,ma,239,train
../data/raw/Bali/letter/ma/Ma_6.jpg,ma,6,test
../data/raw/Bali/letter/ma/Ma_198.jpg,ma,198,train
../data/raw/Bali/letter/ma/Ma_167.jpg,ma,167,train
../data/raw/Bali/letter/ma/Ma_173.jpg,ma,173,train
../data/raw/Bali/letter/ma/Ma_159.jpg,ma,159,validation
../data/raw/Bali/letter/ma/Ma_165.jpg,ma,165,train
../data/raw/Bali/letter/ma/Ma_171.jpg,ma,171,train
../data/raw/Bali/letter/ma/Ma_4.jpg,ma,4,test
../data/raw/Bali/letter/ma/Ma_213.jpg,ma,213,train
../data/raw/Bali/letter/ma/Ma_207.jpg,ma,207,train
../data/raw/Bali/letter/ma/Ma_83.jpg,ma,83,train
../data/raw/Bali/letter/ma/Ma_97.jpg,ma,97,train
../data/raw/Bali/letter/ma/Ma_40.jpg,ma,40,train
../data/raw/Bali/letter/ma/Ma_54.jpg,ma,54,train
../data/raw/Bali/letter/ma/Ma_68.jpg,ma,68,train
../data/raw/Bali/letter/ma/Ma_69.jpg,ma,69,validation
../data/raw/Bali/letter/ma/Ma_55.jpg,ma,55,train
../data/raw/Bali/letter/ma/Ma_41.jpg,ma,41,train
../data/raw/Bali/letter/ma/Ma_96.jpg,ma,96,train
../data/raw/Bali/letter/ma/Ma_82.jpg,ma,82,train
../data/raw/Bali/letter/ma/Ma_206.jpg,ma,206,train
../data/raw/Bali/letter/ma/Ma_212.jpg,ma,212,validation
../data/raw/Bali/letter/ma/Ma_5.jpg,ma,5,test
../data/raw/Bali/letter/ma/Ma_170.jpg,ma,170,train
../data/raw/Bali/letter/ma/Ma_164.jpg,ma,164,train
../data/raw/Bali/letter/ma/Ma_158.jpg,ma,158,train
../data/raw/Bali/letter/ma/Ma_160.jpg,ma,160,train
../data/raw/Bali/letter/ma/Ma_174.jpg,ma,174,train
../data/raw/Bali/letter/ma/Ma_148.jpg,ma,148,train
../data/raw/Bali/letter/ma/Ma_1.jpg,ma,1,train
../data/raw/Bali/letter/ma/Ma_216.jpg,ma,216,train
../data/raw/Bali/letter/ma/Ma_202.jpg,ma,202,train
../data/raw/Bali/letter/ma/Ma_86.jpg,ma,86,train
../data/raw/Bali/letter/ma/Ma_92.jpg,ma,92,train
../data/raw/Bali/letter/ma/Ma_79.jpg,ma,79,train
../data/raw/Bali/letter/ma/Ma_45.jpg,ma,45,validation
../data/raw/Bali/letter/ma/Ma_51.jpg,ma,51,train
../data/raw/Bali/letter/ma/Ma_50.jpg,ma,50,train
../data/raw/Bali/letter/ma/Ma_44.jpg,ma,44,train
../data/raw/Bali/letter/ma/Ma_78.jpg,ma,78,train
../data/raw/Bali/letter/ma/Ma_93.jpg,ma,93,test
../data/raw/Bali/letter/ma/Ma_87.jpg,ma,87,validation
../data/raw/Bali/letter/ma/Ma_203.jpg,ma,203,validation
../data/raw/Bali/letter/ma/Ma_217.jpg,ma,217,test
../data/raw/Bali/letter/ma/Ma_149.jpg,ma,149,test
../data/raw/Bali/letter/ma/Ma_175.jpg,ma,175,train
../data/raw/Bali/letter/ma/Ma_161.jpg,ma,161,test
../data/raw/Bali/letter/ma/Ma_177.jpg,ma,177,train
../data/raw/Bali/letter/ma/Ma_163.jpg,ma,163,train
../data/raw/Bali/letter/ma/Ma_188.jpg,ma,188,train
../data/raw/Bali/letter/ma/Ma_2.jpg,ma,2,train
../data/raw/Bali/letter/ma/Ma_201.jpg,ma,201,validation
../data/raw/Bali/letter/ma/Ma_215.jpg,ma,215,validation
../data/raw/Bali/letter/ma/Ma_229.jpg,ma,229,train
../data/raw/Bali/letter/ma/Ma_91.jpg,ma,91,train
../data/raw/Bali/letter/ma/Ma_85.jpg,ma,85,train
../data/raw/Bali/letter/ma/Ma_52.jpg,ma,52,train
../data/raw/Bali/letter/ma/Ma_46.jpg,ma,46,validation
../data/raw/Bali/letter/ma/Ma_47.jpg,ma,47,train
../data/raw/Bali/letter/ma/Ma_53.jpg,ma,53,test
../data/raw/Bali/letter/ma/Ma_84.jpg,ma,84,test
../data/raw/Bali/letter/ma/Ma_90.jpg,ma,90,train
../data/raw/Bali/letter/ma/Ma_228.jpg,ma,228,validation
../data/raw/Bali/letter/ma/Ma_214.jpg,ma,214,train
../data/raw/Bali/letter/ma/Ma_200.jpg,ma,200,test
../data/raw/Bali/letter/ma/Ma_3.jpg,ma,3,test
../data/raw/Bali/letter/ma/Ma_189.jpg,ma,189,train
../data/raw/Bali/letter/ma/Ma_162.jpg,ma,162,train
../data/raw/Bali/letter/ma/Ma_176.jpg,ma,176,train
../data/raw/Bali/letter/na/Na_16.jpg,na,16,test
../data/raw/Bali/letter/na/Na_114.jpg,na,114,train
../data/raw/Bali/letter/na/Na_100.jpg,na,100,train
../data/raw/Bali/letter/na/Na_128.jpg,na,128,train
../data/raw/Bali/letter/na/Na_129.jpg,na,129,train
../data/raw/Bali/letter/na/Na_101.jpg,na,101,train
../data/raw/Bali/letter/na/Na_115.jpg,na,115,train
../data/raw/Bali/letter/na/Na_17.jpg,na,17,train
../data/raw/Bali/letter/na/Na_15.jpg,na,15,train
../data/raw/Bali/letter/na/Na_29.jpg,na,29,train
../data/raw/Bali/letter/na/Na_103.jpg,na,103,test
../data/raw/Bali/letter/na/Na_117.jpg,na,117,validation
../data/raw/Bali/letter/na/Na_249.jpg,na,249,train
../data/raw/Bali/letter/na/Na_248.jpg,na,248,train
../data/raw/Bali/letter/na/Na_116.jpg,na,116,test
../data/raw/Bali/letter/na/Na_102.jpg,na,102,test
../data/raw/Bali/letter/na/Na_28.jpg,na,28,validation
../data/raw/Bali/letter/na/Na_14.jpg,na,14,train
../data/raw/Bali/letter/na/Na_38.jpg,na,38,train
../data/raw/Bali/letter/na/Na_10.jpg,na,10,validation
../data/raw/Bali/letter/na/Na_106.jpg,na,106,train
../data/raw/Bali/letter/na/Na_112.jpg,na,112,train
../data/raw/Bali/letter/na/Na_113.jpg,na,113,test
../data/raw/Bali/letter/na/Na_107.jpg,na,107,test
../data/raw/Bali/letter/na/Na_11.jpg,na,11,test
../data/raw/Bali/letter/na/Na_39.jpg,na,39,test
../data/raw/Bali/letter/na/Na_13.jpg,na,13,validation
../data/raw/Bali/letter/na/Na_139.jpg,na,139,train
../data/raw/Bali/letter/na/Na_111.jpg,na,111,train
../data/raw/Bali/letter/na/Na_105.jpg,na,105,train
../data/raw/Bali/letter/na/Na_104.jpg,na,104,validation
../data/raw/Bali/letter/na/Na_110.jpg,na,110,train
../data/raw/Bali/letter/na/Na_138.jpg,na,138,train
../data/raw/Bali/letter/na/Na_12.jpg,na,12,train
../data/raw/Bali/letter/na/Na_61.jpg,na,61,test
../data/raw/Bali/letter/na/Na_75.jpg,na,75,test
../data/raw/Bali/letter/na/Na_188.jpg,na,188,train
../data/raw/Bali/letter/na/Na_49.jpg,na,49,train
../data/raw/Bali/letter/na/Na_177.jpg,na,177,train
../data/raw/Bali/letter/na/Na_163.jpg,na,163,train
../data/raw/Bali/letter/na/Na_201.jpg,na,201,validation
../data/raw/Bali/letter/na/Na_215.jpg,na,215,validation
../data/raw/Bali/letter/na/Na_229.jpg,na,229,train
../data/raw/Bali/letter/na/Na_228.jpg,na,228,validation
../data/raw/Bali/letter/na/Na_214.jpg,na,214,train
../data/raw/Bali/letter/na/Na_200.jpg,na,200,test
../data/raw/Bali/letter/na/Na_162.jpg,na,162,train
../data/raw/Bali/letter/na/Na_176.jpg,na,176,train
../data/raw/Bali/letter/na/Na_1.jpg,na,1,train
../data/raw/Bali/letter/na/Na_48.jpg,na,48,test
../data/raw/Bali/letter/na/Na_189.jpg,na,189,train
../data/raw/Bali/letter/na/Na_74.jpg,na,74,train
../data/raw/Bali/letter/na/Na_60.jpg,na,60,train
../data/raw/Bali/letter/na/Na_76.jpg,na,76,validation
../data/raw/Bali/letter/na/Na_62.jpg,na,62,validation
../data/raw/Bali/letter/na/Na_160.jpg,na,160,train
../data/raw/Bali/letter/na/Na_3.jpg,na,3,test
../data/raw/Bali/letter/na/Na_174.jpg,na,174,train
../data/raw/Bali/letter/na/Na_89.jpg,na,89,validation
../data/raw/Bali/letter/na/Na_148.jpg,na,148,train
../data/raw/Bali/letter/na/Na_216.jpg,na,216,train
../data/raw/Bali/letter/na/Na_202.jpg,na,202,train
../data/raw/Bali/letter/na/Na_203.jpg,na,203,validation
../data/raw/Bali/letter/na/Na_217.jpg,na,217,test
../data/raw/Bali/letter/na/Na_149.jpg,na,149,test
../data/raw/Bali/letter/na/Na_88.jpg,na,88,train
../data/raw/Bali/letter/na/Na_175.jpg,na,175,train
../data/raw/Bali/letter/na/Na_2.jpg,na,2,train
../data/raw/Bali/letter/na/Na_161.jpg,na,161,test
../data/raw/Bali/letter/na/Na_63.jpg,na,63,train
../data/raw/Bali/letter/na/Na_77.jpg,na,77,train
../data/raw/Bali/letter/na/Na_73.jpg,na,73,train
../data/raw/Bali/letter/na/Na_67.jpg,na,67,train
../data/raw/Bali/letter/na/Na_159.jpg,na,159,validation
../data/raw/Bali/letter/na/Na_98.jpg,na,98,train
../data/raw/Bali/letter/na/Na_165.jpg,na,165,train
../data/raw/Bali/letter/na/Na_6.jpg,na,6,test
../data/raw/Bali/letter/na/Na_171.jpg,na,171,train
../data/raw/Bali/letter/na/Na_213.jpg,na,213,train
../data/raw/Bali/letter/na/Na_207.jpg,na,207,train
../data/raw/Bali/letter/na/Na_206.jpg,na,206,train
../data/raw/Bali/letter/na/Na_212.jpg,na,212,validation
../data/raw/Bali/letter/na/Na_170.jpg,na,170,train
../data/raw/Bali/letter/na/Na_7.jpg,na,7,train
../data/raw/Bali/letter/na/Na_164.jpg,na,164,train
../data/raw/Bali/letter/na/Na_99.jpg,na,99,train
../data/raw/Bali/letter/na/Na_158.jpg,na,158,train
../data/raw/Bali/letter/na/Na_66.jpg,na,66,train
../data/raw/Bali/letter/na/Na_72.jpg,na,72,train
../data/raw/Bali/letter/na/Na_58.jpg,na,58,train
../data/raw/Bali/letter/na/Na_199.jpg,na,199,train
../data/raw/Bali/letter/na/Na_64.jpg,na,64,train
../data/raw/Bali/letter/na/Na_70.jpg,na,70,train
../data/raw/Bali/letter/na/Na_5.jpg,na,5,test
../data/raw/Bali/letter/na/Na_172.jpg,na,172,train
../data/raw/Bali/letter/na/Na_166.jpg,na,166,train
../data/raw/Bali/letter/na/Na_238.jpg,na,238,train
../data/raw/Bali/letter/na/Na_204.jpg,na,204,train
../data/raw/Bali/letter/na/Na_210.jpg,na,210,train
../data/raw/Bali/letter/na/Na_211.jpg,na,211,train
../data/raw/Bali/letter/na/Na_205.jpg,na,205,train
../data/raw/Bali/letter/na/Na_239.jpg,na,239,train
../data/raw/Bali/letter/na/Na_167.jpg,na,167,train
../data/raw/Bali/letter/na/Na_173.jpg,na,173,train
../data/raw/Bali/letter/na/Na_4.jpg,na,4,test
../data/raw/Bali/letter/na/Na_71.jpg,na,71,train
../data/raw/Bali/letter/na/Na_65.jpg,na,65,train
../data/raw/Bali/letter/na/Na_198.jpg,na,198,train
../data/raw/Bali/letter/na/Na_59.jpg,na,59,train
../data/raw/Bali/letter/na/Na_195.jpg,na,195,validation
../data/raw/Bali/letter/na/Na_40.jpg,na,40,train
../data/raw/Bali/letter/na/Na_181.jpg,na,181,validation
../data/raw/Bali/letter/na/Na_54.jpg,na,54,train
../data/raw/Bali/letter/na/Na_68.jpg,na,68,train
../data/raw/Bali/letter/na/Na_83.jpg,na,83,train
../data/raw/Bali/letter/na/Na_156.jpg,na,156,test
../data/raw/Bali/letter/na/Na_97.jpg,na,97,train
../data/raw/Bali/letter/na/Na_142.jpg,na,142,test
../data/raw/Bali/letter/na/Na_9.jpg,na,9,train
../data/raw/Bali/letter/na/Na_220.jpg,na,220,test
../data/raw/Bali/letter/na/Na_234.jpg,na,234,train
../data/raw/Bali/letter/na/Na_208.jpg,na,208,validation
../data/raw/Bali/letter/na/Na_209.jpg,na,209,test
../data/raw/Bali/letter/na/Na_235.jpg,na,235,train
../data/raw/Bali/letter/na/Na_221.jpg,na,221,train
../data/raw/Bali/letter/na/Na_8.jpg,na,8,train
../data/raw/Bali/letter/na/Na_143.jpg,na,143,train
../data/raw/Bali/letter/na/Na_96.jpg,na,96,train
../data/raw/Bali/letter/na/Na_157.jpg,na,157,train
../data/raw/Bali/letter/na/Na_82.jpg,na,82,train
../data/raw/Bali/letter/na/Na_69.jpg,na,69,validation
../data/raw/Bali/letter/na/Na_55.jpg,na,55,train
../data/raw/Bali/letter/na/Na_180.jpg,na,180,train
../data/raw/Bali/letter/na/Na_41.jpg,na,41,train
../data/raw/Bali/letter/na/Na_194.jpg,na,194,validation
../data/raw/Bali/letter/na/Na_182.jpg,na,182,train
../data/raw/Bali/letter/na/Na_57.jpg,na,57,train
../data/raw/Bali/letter/na/Na_196.jpg,na,196,validation
../data/raw/Bali/letter/na/Na_43.jpg,na,43,test
../data/raw/Bali/letter/na/Na_94.jpg,na,94,train
../data/raw/Bali/letter/na/Na_141.jpg,na,141,train
../data/raw/Bali/letter/na/Na_80.jpg,na,80,test
../data/raw/Bali/letter/na/Na_155.jpg,na,155,train
../data/raw/Bali/letter/na/Na_169.jpg,na,169,train
../data/raw/Bali/letter/na/Na_237.jpg,na,237,train
../data/raw/Bali/letter/na/Na_223.jpg,na,223,train
../data/raw/Bali/letter/na/Na_222.jpg,na,222,train
../data/raw/Bali/letter/na/Na_236.jpg,na,236,train
../data/raw/Bali/letter/na/Na_168.jpg,na,168,validation
../data/raw/Bali/letter/na/Na_154.jpg,na,154,train
../data/raw/Bali/letter/na/Na_81.jpg,na,81,validation
../data/raw/Bali/letter/na/Na_140.jpg,na,140,train
../data/raw/Bali/letter/na/Na_95.jpg,na,95,train
../data/raw/Bali/letter/na/Na_42.jpg,na,42,train
../data/raw/Bali/letter/na/Na_197.jpg,na,197,train
../data/raw/Bali/letter/na/Na_56.jpg,na,56,train
../data/raw/Bali/letter/na/Na_183.jpg,na,183,train
../data/raw/Bali/letter/na/Na_187.jpg,na,187,train
../data/raw/Bali/letter/na/Na_52.jpg,na,52,train
../data/raw/Bali/letter/na/Na_193.jpg,na,193,train
../data/raw/Bali/letter/na/Na_46.jpg,na,46,validation
../data/raw/Bali/letter/na/Na_178.jpg,na,178,train
../data/raw/Bali/letter/na/Na_91.jpg,na,91,train
../data/raw/Bali/letter/na/Na_144.jpg,na,144,validation
../data/raw/Bali/letter/na/Na_85.jpg,na,85,train
../data/raw/Bali/letter/na/Na_150.jpg,na,150,test
../data/raw/Bali/letter/na/Na_232.jpg,na,232,train
../data/raw/Bali/letter/na/Na_226.jpg,na,226,train
../data/raw/Bali/letter/na/Na_227.jpg,na,227,train
../data/raw/Bali/letter/na/Na_233.jpg,na,233,train
../data/raw/Bali/letter/na/Na_151.jpg,na,151,train
../data/raw/Bali/letter/na/Na_84.jpg,na,84,test
../data/raw/Bali/letter/na/Na_145.jpg,na,145,train
../data/raw/Bali/letter/na/Na_90.jpg,na,90,train
../data/raw/Bali/letter/na/Na_179.jpg,na,179,train
../data/raw/Bali/letter/na/Na_47.jpg,na,47,train
../data/raw/Bali/letter/na/Na_192.jpg,na,192,train
../data/raw/Bali/letter/na/Na_53.jpg,na,53,test
../data/raw/Bali/letter/na/Na_186.jpg,na,186,train
../data/raw/Bali/letter/na/Na_79.jpg,na,79,train
../data/raw/Bali/letter/na/Na_190.jpg,na,190,train
../data/raw/Bali/letter/na/Na_45.jpg,na,45,validation
../data/raw/Bali/letter/na/Na_184.jpg,na,184,train
../data/raw/Bali/letter/na/Na_51.jpg,na,51,train
../data/raw/Bali/letter/na/Na_86.jpg,na,86,train
../data/raw/Bali/letter/na/Na_153.jpg,na,153,validation
../data/raw/Bali/letter/na/Na_92.jpg,na,92,train
../data/raw/Bali/letter/na/Na_147.jpg,na,147,train
../data/raw/Bali/letter/na/Na_219.jpg,na,219,test
../data/raw/Bali/letter/na/Na_225.jpg,na,225,train
../data/raw/Bali/letter/na/Na_231.jpg,na,231,test
../data/raw/Bali/letter/na/Na_230.jpg,na,230,train
../data/raw/Bali/letter/na/Na_224.jpg,na,224,test
../data/raw/Bali/letter/na/Na_218.jpg,na,218,test
../data/raw/Bali/letter/na/Na_146.jpg,na,146,train
../data/raw/Bali/letter/na/Na_93.jpg,na,93,test
../data/raw/Bali/letter/na/Na_152.jpg,na,152,test
../data/raw/Bali/letter/na/Na_87.jpg,na,87,validation
../data/raw/Bali/letter/na/Na_50.jpg,na,50,train
../data/raw/Bali/letter/na/Na_185.jpg,na,185,train
../data/raw/Bali/letter/na/Na_44.jpg,na,44,train
../data/raw/Bali/letter/na/Na_191.jpg,na,191,train
../data/raw/Bali/letter/na/Na_78.jpg,na,78,train
../data/raw/Bali/letter/na/Na_23.jpg,na,23,train
../data/raw/Bali/letter/na/Na_37.jpg,na,37,train
../data/raw/Bali/letter/na/Na_135.jpg,na,135,test
../data/raw/Bali/letter/na/Na_121.jpg,na,121,train
../data/raw/Bali/letter/na/Na_109.jpg,na,109,validation
../data/raw/Bali/letter/na/Na_243.jpg,na,243,train
../data/raw/Bali/letter/na/Na_242.jpg,na,242,train
../data/raw/Bali/letter/na/Na_108.jpg,na,108,train
../data/raw/Bali/letter/na/Na_120.jpg,na,120,train
../data/raw/Bali/letter/na/Na_134.jpg,na,134,train
../data/raw/Bali/letter/na/Na_36.jpg,na,36,train
../data/raw/Bali/letter/na/Na_22.jpg,na,22,validation
../data/raw/Bali/letter/na/Na_34.jpg,na,34,train
../data/raw/Bali/letter/na/Na_20.jpg,na,20,train
../data/raw/Bali/letter/na/Na_122.jpg,na,122,train
../data/raw/Bali/letter/na/Na_136.jpg,na,136,validation
../data/raw/Bali/letter/na/Na_240.jpg,na,240,validation
../data/raw/Bali/letter/na/Na_241.jpg,na,241,train
../data/raw/Bali/letter/na/Na_137.jpg,na,137,train
../data/raw/Bali/letter/na/Na_123.jpg,na,123,validation
../data/raw/Bali/letter/na/Na_21.jpg,na,21,train
../data/raw/Bali/letter/na/Na_35.jpg,na,35,train
../data/raw/Bali/letter/na/Na_19.jpg,na,19,train
../data/raw/Bali/letter/na/Na_31.jpg,na,31,test
../data/raw/Bali/letter/na/Na_25.jpg,na,25,train
../data/raw/Bali/letter/na/Na_127.jpg,na,127,validation
../data/raw/Bali/letter/na/Na_133.jpg,na,133,train
../data/raw/Bali/letter/na/Na_251.jpg,na,251,train
../data/raw/Bali/letter/na/Na_245.jpg,na,245,train
../data/raw/Bali/letter/na/Na_244.jpg,na,244,train
../data/raw/Bali/letter/na/Na_250.jpg,na,250,train
../data/raw/Bali/letter/na/Na_132.jpg,na,132,train
../data/raw/Bali/letter/na/Na_126.jpg,na,126,validation
../data/raw/Bali/letter/na/Na_24.jpg,na,24,train
../data/raw/Bali/letter/na/Na_30.jpg,na,30,validation
../data/raw/Bali/letter/na/Na_18.jpg,na,18,train
../data/raw/Bali/letter/na/Na_26.jpg,na,26,train
../data/raw/Bali/letter/na/Na_32.jpg,na,32,train
../data/raw/Bali/letter/na/Na_118.jpg,na,118,train
../data/raw/Bali/letter/na/Na_130.jpg,na,130,validation
../data/raw/Bali/letter/na/Na_124.jpg,na,124,test
../data/raw/Bali/letter/na/Na_246.jpg,na,246,validation
../data/raw/Bali/letter/na/Na_252.jpg,na,252,train
../data/raw/Bali/letter/na/Na_247.jpg,na,247,train
../data/raw/Bali/letter/na/Na_125.jpg,na,125,test
../data/raw/Bali/letter/na/Na_131.jpg,na,131,train
../data/raw/Bali/letter/na/Na_119.jpg,na,119,validation
../data/raw/Bali/letter/na/Na_33.jpg,na,33,train
../data/raw/Bali/letter/na/Na_27.jpg,na,27,train
../data/raw/Bali/letter/nga/Nga_243.jpg,nga,243,train
../data/raw/Bali/letter/nga/Nga_77.jpg,nga,77,train
../data/raw/Bali/letter/nga/Nga_63.jpg,nga,63,train
../data/raw/Bali/letter/nga/Nga_88.jpg,nga,88,train
../data/raw/Bali/letter/nga/Nga_109.jpg,nga,109,validation
../data/raw/Bali/letter/nga/Nga_135.jpg,nga,135,test
../data/raw/Bali/letter/nga/Nga_121.jpg,nga,121,train
../data/raw/Bali/letter/nga/Nga_120.jpg,nga,120,train
../data/raw/Bali/letter/nga/Nga_134.jpg,nga,134,train
../data/raw/Bali/letter/nga/Nga_108.jpg,nga,108,train
../data/raw/Bali/letter/nga/Nga_89.jpg,nga,89,validation
../data/raw/Bali/letter/nga/Nga_62.jpg,nga,62,validation
../data/raw/Bali/letter/nga/Nga_76.jpg,nga,76,validation
../data/raw/Bali/letter/nga/Nga_242.jpg,nga,242,train
../data/raw/Bali/letter/nga/Nga_240.jpg,nga,240,validation
../data/raw/Bali/letter/nga/Nga_48.jpg,nga,48,test
../data/raw/Bali/letter/nga/Nga_60.jpg,nga,60,train
../data/raw/Bali/letter/nga/Nga_74.jpg,nga,74,train
../data/raw/Bali/letter/nga/Nga_122.jpg,nga,122,train
../data/raw/Bali/letter/nga/Nga_136.jpg,nga,136,validation
../data/raw/Bali/letter/nga/Nga_137.jpg,nga,137,train
../data/raw/Bali/letter/nga/Nga_123.jpg,nga,123,validation
../data/raw/Bali/letter/nga/Nga_75.jpg,nga,75,test
../data/raw/Bali/letter/nga/Nga_61.jpg,nga,61,test
../data/raw/Bali/letter/nga/Nga_49.jpg,nga,49,train
../data/raw/Bali/letter/nga/Nga_241.jpg,nga,241,train
../data/raw/Bali/letter/nga/Nga_8.jpg,nga,8,train
../data/raw/Bali/letter/nga/Nga_245.jpg,nga,245,train
../data/raw/Bali/letter/nga/Nga_65.jpg,nga,65,train
../data/raw/Bali/letter/nga/Nga_71.jpg,nga,71,train
../data/raw/Bali/letter/nga/Nga_59.jpg,nga,59,train
../data/raw/Bali/letter/nga/Nga_127.jpg,nga,127,validation
../data/raw/Bali/letter/nga/Nga_133.jpg,nga,133,train
../data/raw/Bali/letter/nga/Nga_132.jpg,nga,132,train
../data/raw/Bali/letter/nga/Nga_126.jpg,nga,126,validation
../data/raw/Bali/letter/nga/Nga_58.jpg,nga,58,train
../data/raw/Bali/letter/nga/Nga_70.jpg,nga,70,train
../data/raw/Bali/letter/nga/Nga_64.jpg,nga,64,train
../data/raw/Bali/letter/nga/Nga_244.jpg,nga,244,train
../data/raw/Bali/letter/nga/Nga_9.jpg,nga,9,train
../data/raw/Bali/letter/nga/Nga_250.jpg,nga,250,train
../data/raw/Bali/letter/nga/Nga_246.jpg,nga,246,validation
../data/raw/Bali/letter/nga/Nga_72.jpg,nga,72,train
../data/raw/Bali/letter/nga/Nga_66.jpg,nga,66,train
../data/raw/Bali/letter/nga/Nga_130.jpg,nga,130,validation
../data/raw/Bali/letter/nga/Nga_124.jpg,nga,124,test
../data/raw/Bali/letter/nga/Nga_99.jpg,nga,99,train
../data/raw/Bali/letter/nga/Nga_118.jpg,nga,118,train
../data/raw/Bali/letter/nga/Nga_119.jpg,nga,119,validation
../data/raw/Bali/letter/nga/Nga_98.jpg,nga,98,train
../data/raw/Bali/letter/nga/Nga_125.jpg,nga,125,test
../data/raw/Bali/letter/nga/Nga_131.jpg,nga,131,train
../data/raw/Bali/letter/nga/Nga_67.jpg,nga,67,train
../data/raw/Bali/letter/nga/Nga_73.jpg,nga,73,train
../data/raw/Bali/letter/nga/Nga_247.jpg,nga,247,train
../data/raw/Bali/letter/nga/Nga_208.jpg,nga,208,validation
../data/raw/Bali/letter/nga/Nga_220.jpg,nga,220,test
../data/raw/Bali/letter/nga/Nga_234.jpg,nga,234,train
../data/raw/Bali/letter/nga/Nga_28.jpg,nga,28,validation
../data/raw/Bali/letter/nga/Nga_14.jpg,nga,14,train
../data/raw/Bali/letter/nga/Nga_195.jpg,nga,195,validation
../data/raw/Bali/letter/nga/Nga_181.jpg,nga,181,validation
../data/raw/Bali/letter/nga/Nga_156.jpg,nga,156,test
../data/raw/Bali/letter/nga/Nga_142.jpg,nga,142,test
../data/raw/Bali/letter/nga/Nga_143.jpg,nga,143,train
../data/raw/Bali/letter/nga/Nga_157.jpg,nga,157,train
../data/raw/Bali/letter/nga/Nga_180.jpg,nga,180,train
../data/raw/Bali/letter/nga/Nga_194.jpg,nga,194,validation
../data/raw/Bali/letter/nga/Nga_15.jpg,nga,15,train
../data/raw/Bali/letter/nga/Nga_29.jpg,nga,29,train
../data/raw/Bali/letter/nga/Nga_235.jpg,nga,235,train
../data/raw/Bali/letter/nga/Nga_221.jpg,nga,221,train
../data/raw/Bali/letter/nga/Nga_209.jpg,nga,209,test
../data/raw/Bali/letter/nga/Nga_237.jpg,nga,237,train
../data/raw/Bali/letter/nga/Nga_223.jpg,nga,223,train
../data/raw/Bali/letter/nga/Nga_182.jpg,nga,182,train
../data/raw/Bali/letter/nga/Nga_17.jpg,nga,17,train
../data/raw/Bali/letter/nga/Nga_196.jpg,nga,196,validation
../data/raw/Bali/letter/nga/Nga_169.jpg,nga,169,train
../data/raw/Bali/letter/nga/Nga_141.jpg,nga,141,train
../data/raw/Bali/letter/nga/Nga_155.jpg,nga,155,train
../data/raw/Bali/letter/nga/Nga_154.jpg,nga,154,train
../data/raw/Bali/letter/nga/Nga_140.jpg,nga,140,train
../data/raw/Bali/letter/nga/Nga_168.jpg,nga,168,validation
../data/raw/Bali/letter/nga/Nga_197.jpg,nga,197,train
../data/raw/Bali/letter/nga/Nga_16.jpg,nga,16,test
../data/raw/Bali/letter/nga/Nga_183.jpg,nga,183,train
../data/raw/Bali/letter/nga/Nga_222.jpg,nga,222,train
../data/raw/Bali/letter/nga/Nga_236.jpg,nga,236,train
../data/raw/Bali/letter/nga/Nga_232.jpg,nga,232,train
../data/raw/Bali/letter/nga/Nga_226.jpg,nga,226,train
../data/raw/Bali/letter/nga/Nga_187.jpg,nga,187,train
../data/raw/Bali/letter/nga/Nga_193.jpg,nga,193,train
../data/raw/Bali/letter/nga/Nga_12.jpg,nga,12,train
../data/raw/Bali/letter/nga/Nga_144.jpg,nga,144,validation
../data/raw/Bali/letter/nga/Nga_150.jpg,nga,150,test
../data/raw/Bali/letter/nga/Nga_178.jpg,nga,178,train
../data/raw/Bali/letter/nga/Nga_179.jpg,nga,179,train
../data/raw/Bali/letter/nga/Nga_151.jpg,nga,151,train
../data/raw/Bali/letter/nga/Nga_145.jpg,nga,145,train
../data/raw/Bali/letter/nga/Nga_13.jpg,nga,13,validation
../data/raw/Bali/letter/nga/Nga_192.jpg,nga,192,train
../data/raw/Bali/letter/nga/Nga_186.jpg,nga,186,train
../data/raw/Bali/letter/nga/Nga_227.jpg,nga,227,train
../data/raw/Bali/letter/nga/Nga_233.jpg,nga,233,train
../data/raw/Bali/letter/nga/Nga_225.jpg,nga,225,train
../data/raw/Bali/letter/nga/Nga_231.jpg,nga,231,test
../data/raw/Bali/letter/nga/Nga_219.jpg,nga,219,test
../data/raw/Bali/letter/nga/Nga_190.jpg,nga,190,train
../data/raw/Bali/letter/nga/Nga_11.jpg,nga,11,test
../data/raw/Bali/letter/nga/Nga_184.jpg,nga,184,train
../data/raw/Bali/letter/nga/Nga_39.jpg,nga,39,test
../data/raw/Bali/letter/nga/Nga_153.jpg,nga,153,validation
../data/raw/Bali/letter/nga/Nga_147.jpg,nga,147,train
../data/raw/Bali/letter/nga/Nga_146.jpg,nga,146,train
../data/raw/Bali/letter/nga/Nga_152.jpg,nga,152,test
../data/raw/Bali/letter/nga/Nga_38.jpg,nga,38,train
../data/raw/Bali/letter/nga/Nga_185.jpg,nga,185,train
../data/raw/Bali/letter/nga/Nga_10.jpg,nga,10,validation
../data/raw/Bali/letter/nga/Nga_191.jpg,nga,191,train
../data/raw/Bali/letter/nga/Nga_218.jpg,nga,218,test
../data/raw/Bali/letter/nga/Nga_230.jpg,nga,230,train
../data/raw/Bali/letter/nga/Nga_224.jpg,nga,224,test
../data/raw/Bali/letter/nga/Nga_229.jpg,nga,229,train
../data/raw/Bali/letter/nga/Nga_201.jpg,nga,201,validation
../data/raw/Bali/letter/nga/Nga_215.jpg,nga,215,validation
../data/raw/Bali/letter/nga/Nga_188.jpg,nga,188,train
../data/raw/Bali/letter/nga/Nga_35.jpg,nga,35,train
../data/raw/Bali/letter/nga/Nga_21.jpg,nga,21,train
../data/raw/Bali/letter/nga/Nga_177.jpg,nga,177,train
../data/raw/Bali/letter/nga/Nga_163.jpg,nga,163,train
../data/raw/Bali/letter/nga/Nga_162.jpg,nga,162,train
../data/raw/Bali/letter/nga/Nga_176.jpg,nga,176,train
../data/raw/Bali/letter/nga/Nga_20.jpg,nga,20,train
../data/raw/Bali/letter/nga/Nga_34.jpg,nga,34,train
../data/raw/Bali/letter/nga/Nga_189.jpg,nga,189,train
../data/raw/Bali/letter/nga/Nga_214.jpg,nga,214,train
../data/raw/Bali/letter/nga/Nga_200.jpg,nga,200,test
../data/raw/Bali/letter/nga/Nga_228.jpg,nga,228,validation
../data/raw/Bali/letter/nga/Nga_216.jpg,nga,216,train
../data/raw/Bali/letter/nga/Nga_202.jpg,nga,202,train
../data/raw/Bali/letter/nga/Nga_22.jpg,nga,22,validation
../data/raw/Bali/letter/nga/Nga_36.jpg,nga,36,train
../data/raw/Bali/letter/nga/Nga_148.jpg,nga,148,train
../data/raw/Bali/letter/nga/Nga_160.jpg,nga,160,train
../data/raw/Bali/letter/nga/Nga_174.jpg,nga,174,train
../data/raw/Bali/letter/nga/Nga_175.jpg,nga,175,train
../data/raw/Bali/letter/nga/Nga_161.jpg,nga,161,test
../data/raw/Bali/letter/nga/Nga_149.jpg,nga,149,test
../data/raw/Bali/letter/nga/Nga_37.jpg,nga,37,train
../data/raw/Bali/letter/nga/Nga_23.jpg,nga,23,train
../data/raw/Bali/letter/nga/Nga_203.jpg,nga,203,validation
../data/raw/Bali/letter/nga/Nga_217.jpg,nga,217,test
../data/raw/Bali/letter/nga/Nga_213.jpg,nga,213,train
../data/raw/Bali/letter/nga/Nga_207.jpg,nga,207,train
../data/raw/Bali/letter/nga/Nga_27.jpg,nga,27,train
../data/raw/Bali/letter/nga/Nga_33.jpg,nga,33,train
../data/raw/Bali/letter/nga/Nga_165.jpg,nga,165,train
../data/raw/Bali/letter/nga/Nga_171.jpg,nga,171,train
../data/raw/Bali/letter/nga/Nga_159.jpg,nga,159,validation
../data/raw/Bali/letter/nga/Nga_158.jpg,nga,158,train
../data/raw/Bali/letter/nga/Nga_170.jpg,nga,170,train
../data/raw/Bali/letter/nga/Nga_164.jpg,nga,164,train
../data/raw/Bali/letter/nga/Nga_32.jpg,nga,32,train
../data/raw/Bali/letter/nga/Nga_26.jpg,nga,26,train
../data/raw/Bali/letter/nga/Nga_206.jpg,nga,206,train
../data/raw/Bali/letter/nga/Nga_212.jpg,nga,212,validation
../data/raw/Bali/letter/nga/Nga_204.jpg,nga,204,train
../data/raw/Bali/letter/nga/Nga_210.jpg,nga,210,train
../data/raw/Bali/letter/nga/Nga_238.jpg,nga,238,train
../data/raw/Bali/letter/nga/Nga_30.jpg,nga,30,validation
../data/raw/Bali/letter/nga/Nga_24.jpg,nga,24,train
../data/raw/Bali/letter/nga/Nga_199.jpg,nga,199,train
../data/raw/Bali/letter/nga/Nga_18.jpg,nga,18,train
../data/raw/Bali/letter/nga/Nga_172.jpg,nga,172,train
../data/raw/Bali/letter/nga/Nga_166.jpg,nga,166,train
../data/raw/Bali/letter/nga/Nga_167.jpg,nga,167,train
../data/raw/Bali/letter/nga/Nga_173.jpg,nga,173,train
../data/raw/Bali/letter/nga/Nga_19.jpg,nga,19,train
../data/raw/Bali/letter/nga/Nga_198.jpg,nga,198,train
../data/raw/Bali/letter/nga/Nga_25.jpg,nga,25,train
../data/raw/Bali/letter/nga/Nga_31.jpg,nga,31,test
../data/raw/Bali/letter/nga/Nga_239.jpg,nga,239,train
../data/raw/Bali/letter/nga/Nga_211.jpg,nga,211,train
../data/raw/Bali/letter/nga/Nga_205.jpg,nga,205,train
../data/raw/Bali/letter/nga/Nga_7.jpg,nga,7,train
../data/raw/Bali/letter/nga/Nga_56.jpg,nga,56,train
../data/raw/Bali/letter/nga/Nga_42.jpg,nga,42,train
../data/raw/Bali/letter/nga/Nga_128.jpg,nga,128,train
../data/raw/Bali/letter/nga/Nga_114.jpg,nga,114,train
../data/raw/Bali/letter/nga/Nga_95.jpg,nga,95,train
../data/raw/Bali/letter/nga/Nga_81.jpg,nga,81,validation
../data/raw/Bali/letter/nga/Nga_100.jpg,nga,100,train
../data/raw/Bali/letter/nga/Nga_101.jpg,nga,101,train
../data/raw/Bali/letter/nga/Nga_80.jpg,nga,80,test
../data/raw/Bali/letter/nga/Nga_94.jpg,nga,94,train
../data/raw/Bali/letter/nga/Nga_115.jpg,nga,115,train
../data/raw/Bali/letter/nga/Nga_129.jpg,nga,129,train
../data/raw/Bali/letter/nga/Nga_43.jpg,nga,43,test
../data/raw/Bali/letter/nga/Nga_57.jpg,nga,57,train
../data/raw/Bali/letter/nga/Nga_6.jpg,nga,6,test
../data/raw/Bali/letter/nga/Nga_249.jpg,nga,249,train
../data/raw/Bali/letter/nga/Nga_4.jpg,nga,4,test
../data/raw/Bali/letter/nga/Nga_69.jpg,nga,69,validation
../data/raw/Bali/letter/nga/Nga_41.jpg,nga,41,train
../data/raw/Bali/letter/nga/Nga_55.jpg,nga,55,train
../data/raw/Bali/letter/nga/Nga_82.jpg,nga,82,train
../data/raw/Bali/letter/nga/Nga_103.jpg,nga,103,test
../data/raw/Bali/letter/nga/Nga_117.jpg,nga,117,validation
../data/raw/Bali/letter/nga/Nga_96.jpg,nga,96,train
../data/raw/Bali/letter/nga/Nga_97.jpg,nga,97,train
../data/raw/Bali/letter/nga/Nga_116.jpg,nga,116,test
../data/raw/Bali/letter/nga/Nga_102.jpg,nga,102,test
../data/raw/Bali/letter/nga/Nga_83.jpg,nga,83,train
../data/raw/Bali/letter/nga/Nga_54.jpg,nga,54,train
../data/raw/Bali/letter/nga/Nga_40.jpg,nga,40,train
../data/raw/Bali/letter/nga/Nga_68.jpg,nga,68,train
../data/raw/Bali/letter/nga/Nga_5.jpg,nga,5,test
../data/raw/Bali/letter/nga/Nga_248.jpg,nga,248,train
../data/raw/Bali/letter/nga/Nga_1.jpg,nga,1,train
../data/raw/Bali/letter/nga/Nga_44.jpg,nga,44,train
../data/raw/Bali/letter/nga/Nga_50.jpg,nga,50,train
../data/raw/Bali/letter/nga/Nga_78.jpg,nga,78,train
../data/raw/Bali/letter/nga/Nga_106.jpg,nga,106,train
../data/raw/Bali/letter/nga/Nga_87.jpg,nga,87,validation
../data/raw/Bali/letter/nga/Nga_93.jpg,nga,93,test
../data/raw/Bali/letter/nga/Nga_112.jpg,nga,112,train
../data/raw/Bali/letter/nga/Nga_113.jpg,nga,113,test
../data/raw/Bali/letter/nga/Nga_92.jpg,nga,92,train
../data/raw/Bali/letter/nga/Nga_86.jpg,nga,86,train
../data/raw/Bali/letter/nga/Nga_107.jpg,nga,107,test
../data/raw/Bali/letter/nga/Nga_79.jpg,nga,79,train
../data/raw/Bali/letter/nga/Nga_51.jpg,nga,51,train
../data/raw/Bali/letter/nga/Nga_45.jpg,nga,45,validation
../data/raw/Bali/letter/nga/Nga_2.jpg,nga,2,train
../data/raw/Bali/letter/nga/Nga_53.jpg,nga,53,test
../data/raw/Bali/letter/nga/Nga_47.jpg,nga,47,train
../data/raw/Bali/letter/nga/Nga_90.jpg,nga,90,train
../data/raw/Bali/letter/nga/Nga_111.jpg,nga,111,train
../data/raw/Bali/letter/nga/Nga_105.jpg,nga,105,train
../data/raw/Bali/letter/nga/Nga_84.jpg,nga,84,test
../data/raw/Bali/letter/nga/Nga_139.jpg,nga,139,train
../data/raw/Bali/letter/nga/Nga_138.jpg,nga,138,train
../data/raw/Bali/letter/nga/Nga_85.jpg,nga,85,train
../data/raw/Bali/letter/nga/Nga_104.jpg,nga,104,validation
../data/raw/Bali/letter/nga/Nga_110.jpg,nga,110,train
../data/raw/Bali/letter/nga/Nga_91.jpg,nga,91,train
../data/raw/Bali/letter/nga/Nga_46.jpg,nga,46,validation
../data/raw/Bali/letter/nga/Nga_52.jpg,nga,52,train
../data/raw/Bali/letter/nga/Nga_3.jpg,nga,3,test
../data/raw/Bali/letter/nya/Nya_11.jpg,nya,11,test
../data/raw/Bali/letter/nya/Nya_39.jpg,nya,39,test
../data/raw/Bali/letter/nya/Nya_119.jpg,nya,119,validation
../data/raw/Bali/letter/nya/Nya_125.jpg,nya,125,test
../data/raw/Bali/letter/nya/Nya_131.jpg,nya,131,train
../data/raw/Bali/letter/nya/Nya_247.jpg,nya,247,train
../data/raw/Bali/letter/nya/Nya_246.jpg,nya,246,validation
../data/raw/Bali/letter/nya/Nya_130.jpg,nya,130,validation
../data/raw/Bali/letter/nya/Nya_124.jpg,nya,124,test
../data/raw/Bali/letter/nya/Nya_118.jpg,nya,118,train
../data/raw/Bali/letter/nya/Nya_38.jpg,nya,38,train
../data/raw/Bali/letter/nya/Nya_10.jpg,nya,10,validation
../data/raw/Bali/letter/nya/Nya_12.jpg,nya,12,train
../data/raw/Bali/letter/nya/Nya_132.jpg,nya,132,train
../data/raw/Bali/letter/nya/Nya_126.jpg,nya,126,validation
../data/raw/Bali/letter/nya/Nya_244.jpg,nya,244,train
../data/raw/Bali/letter/nya/Nya_250.jpg,nya,250,train
../data/raw/Bali/letter/nya/Nya_251.jpg,nya,251,train
../data/raw/Bali/letter/nya/Nya_245.jpg,nya,245,train
../data/raw/Bali/letter/nya/Nya_127.jpg,nya,127,validation
../data/raw/Bali/letter/nya/Nya_133.jpg,nya,133,train
../data/raw/Bali/letter/nya/Nya_13.jpg,nya,13,validation
../data/raw/Bali/letter/nya/Nya_17.jpg,nya,17,train
../data/raw/Bali/letter/nya/Nya_137.jpg,nya,137,train
../data/raw/Bali/letter/nya/Nya_123.jpg,nya,123,validation
../data/raw/Bali/letter/nya/Nya_241.jpg,nya,241,train
../data/raw/Bali/letter/nya/Nya_240.jpg,nya,240,validation
../data/raw/Bali/letter/nya/Nya_122.jpg,nya,122,train
../data/raw/Bali/letter/nya/Nya_136.jpg,nya,136,validation
../data/raw/Bali/letter/nya/Nya_16.jpg,nya,16,test
../data/raw/Bali/letter/nya/Nya_28.jpg,nya,28,validation
../data/raw/Bali/letter/nya/Nya_14.jpg,nya,14,train
../data/raw/Bali/letter/nya/Nya_120.jpg,nya,120,train
../data/raw/Bali/letter/nya/Nya_134.jpg,nya,134,train
../data/raw/Bali/letter/nya/Nya_108.jpg,nya,108,train
../data/raw/Bali/letter/nya/Nya_242.jpg,nya,242,train
../data/raw/Bali/letter/nya/Nya_243.jpg,nya,243,train
../data/raw/Bali/letter/nya/Nya_109.jpg,nya,109,validation
../data/raw/Bali/letter/nya/Nya_135.jpg,nya,135,test
../data/raw/Bali/letter/nya/Nya_121.jpg,nya,121,train
../data/raw/Bali/letter/nya/Nya_15.jpg,nya,15,train
../data/raw/Bali/letter/nya/Nya_29.jpg,nya,29,train
../data/raw/Bali/letter/nya/Nya_66.jpg,nya,66,train
../data/raw/Bali/letter/nya/Nya_72.jpg,nya,72,train
../data/raw/Bali/letter/nya/Nya_99.jpg,nya,99,train
../data/raw/Bali/letter/nya/Nya_185.jpg,nya,185,train
../data/raw/Bali/letter/nya/Nya_191.jpg,nya,191,train
../data/raw/Bali/letter/nya/Nya_146.jpg,nya,146,train
../data/raw/Bali/letter/nya/Nya_152.jpg,nya,152,test
../data/raw/Bali/letter/nya/Nya_218.jpg,nya,218,test
../data/raw/Bali/letter/nya/Nya_230.jpg,nya,230,train
../data/raw/Bali/letter/nya/Nya_224.jpg,nya,224,test
../data/raw/Bali/letter/nya/Nya_225.jpg,nya,225,train
../data/raw/Bali/letter/nya/Nya_231.jpg,nya,231,test
../data/raw/Bali/letter/nya/Nya_219.jpg,nya,219,test
../data/raw/Bali/letter/nya/Nya_153.jpg,nya,153,validation
../data/raw/Bali/letter/nya/Nya_147.jpg,nya,147,train
../data/raw/Bali/letter/nya/Nya_190.jpg,nya,190,train
../data/raw/Bali/letter/nya/Nya_184.jpg,nya,184,train
../data/raw/Bali/letter/nya/Nya_98.jpg,nya,98,train
../data/raw/Bali/letter/nya/Nya_73.jpg,nya,73,train
../data/raw/Bali/letter/nya/Nya_67.jpg,nya,67,train
../data/raw/Bali/letter/nya/Nya_71.jpg,nya,71,train
../data/raw/Bali/letter/nya/Nya_65.jpg,nya,65,train
../data/raw/Bali/letter/nya/Nya_59.jpg,nya,59,train
../data/raw/Bali/letter/nya/Nya_192.jpg,nya,192,train
../data/raw/Bali/letter/nya/Nya_186.jpg,nya,186,train
../data/raw/Bali/letter/nya/Nya_179.jpg,nya,179,train
../data/raw/Bali/letter/nya/Nya_151.jpg,nya,151,train
../data/raw/Bali/letter/nya/Nya_145.jpg,nya,145,train
../data/raw/Bali/letter/nya/Nya_227.jpg,nya,227,train
../data/raw/Bali/letter/nya/Nya_233.jpg,nya,233,train
../data/raw/Bali/letter/nya/Nya_232.jpg,nya,232,train
../data/raw/Bali/letter/nya/Nya_226.jpg,nya,226,train
../data/raw/Bali/letter/nya/Nya_144.jpg,nya,144,validation
../data/raw/Bali/letter/nya/Nya_150.jpg,nya,150,test
../data/raw/Bali/letter/nya/Nya_178.jpg,nya,178,train
../data/raw/Bali/letter/nya/Nya_187.jpg,nya,187,train
../data/raw/Bali/letter/nya/Nya_193.jpg,nya,193,train
../data/raw/Bali/letter/nya/Nya_58.jpg,nya,58,train
../data/raw/Bali/letter/nya/Nya_64.jpg,nya,64,train
../data/raw/Bali/letter/nya/Nya_70.jpg,nya,70,train
../data/raw/Bali/letter/nya/Nya_48.jpg,nya,48,test
../data/raw/Bali/letter/nya/Nya_74.jpg,nya,74,train
../data/raw/Bali/letter/nya/Nya_60.jpg,nya,60,train
../data/raw/Bali/letter/nya/Nya_197.jpg,nya,197,train
../data/raw/Bali/letter/nya/Nya_183.jpg,nya,183,train
../data/raw/Bali/letter/nya/Nya_154.jpg,nya,154,train
../data/raw/Bali/letter/nya/Nya_140.jpg,nya,140,train
../data/raw/Bali/letter/nya/Nya_168.jpg,nya,168,validation
../data/raw/Bali/letter/nya/Nya_222.jpg,nya,222,train
../data/raw/Bali/letter/nya/Nya_236.jpg,nya,236,train
../data/raw/Bali/letter/nya/Nya_237.jpg,nya,237,train
../data/raw/Bali/letter/nya/Nya_223.jpg,nya,223,train
../data/raw/Bali/letter/nya/Nya_169.jpg,nya,169,train
../data/raw/Bali/letter/nya/Nya_141.jpg,nya,141,train
../data/raw/Bali/letter/nya/Nya_155.jpg,nya,155,train
../data/raw/Bali/letter/nya/Nya_182.jpg,nya,182,train
../data/raw/Bali/letter/nya/Nya_196.jpg,nya,196,validation
../data/raw/Bali/letter/nya/Nya_61.jpg,nya,61,test
../data/raw/Bali/letter/nya/Nya_75.jpg,nya,75,test
../data/raw/Bali/letter/nya/Nya_49.jpg,nya,49,train
../data/raw/Bali/letter/nya/Nya_63.jpg,nya,63,train
../data/raw/Bali/letter/nya/Nya_77.jpg,nya,77,train
../data/raw/Bali/letter/nya/Nya_88.jpg,nya,88,train
../data/raw/Bali/letter/nya/Nya_180.jpg,nya,180,train
../data/raw/Bali/letter/nya/Nya_194.jpg,nya,194,validation
../data/raw/Bali/letter/nya/Nya_143.jpg,nya,143,train
../data/raw/Bali/letter/nya/Nya_157.jpg,nya,157,train
../data/raw/Bali/letter/nya/Nya_235.jpg,nya,235,train
../data/raw/Bali/letter/nya/Nya_8.jpg,nya,8,train
../data/raw/Bali/letter/nya/Nya_221.jpg,nya,221,train
../data/raw/Bali/letter/nya/Nya_209.jpg,nya,209,test
../data/raw/Bali/letter/nya/Nya_208.jpg,nya,208,validation
../data/raw/Bali/letter/nya/Nya_220.jpg,nya,220,test
../data/raw/Bali/letter/nya/Nya_9.jpg,nya,9,train
../data/raw/Bali/letter/nya/Nya_234.jpg,nya,234,train
../data/raw/Bali/letter/nya/Nya_156.jpg,nya,156,test
../data/raw/Bali/letter/nya/Nya_142.jpg,nya,142,test
../data/raw/Bali/letter/nya/Nya_195.jpg,nya,195,validation
../data/raw/Bali/letter/nya/Nya_181.jpg,nya,181,validation
../data/raw/Bali/letter/nya/Nya_89.jpg,nya,89,validation
../data/raw/Bali/letter/nya/Nya_76.jpg,nya,76,validation
../data/raw/Bali/letter/nya/Nya_62.jpg,nya,62,validation
../data/raw/Bali/letter/nya/Nya_47.jpg,nya,47,train
../data/raw/Bali/letter/nya/Nya_53.jpg,nya,53,test
../data/raw/Bali/letter/nya/Nya_84.jpg,nya,84,test
../data/raw/Bali/letter/nya/Nya_90.jpg,nya,90,train
../data/raw/Bali/letter/nya/Nya_198.jpg,nya,198,train
../data/raw/Bali/letter/nya/Nya_167.jpg,nya,167,train
../data/raw/Bali/letter/nya/Nya_173.jpg,nya,173,train
../data/raw/Bali/letter/nya/Nya_4.jpg,nya,4,test
../data/raw/Bali/letter/nya/Nya_239.jpg,nya,239,train
../data/raw/Bali/letter/nya/Nya_211.jpg,nya,211,train
../data/raw/Bali/letter/nya/Nya_205.jpg,nya,205,train
../data/raw/Bali/letter/nya/Nya_204.jpg,nya,204,train
../data/raw/Bali/letter/nya/Nya_210.jpg,nya,210,train
../data/raw/Bali/letter/nya/Nya_238.jpg,nya,238,train
../data/raw/Bali/letter/nya/Nya_5.jpg,nya,5,test
../data/raw/Bali/letter/nya/Nya_172.jpg,nya,172,train
../data/raw/Bali/letter/nya/Nya_166.jpg,nya,166,train
../data/raw/Bali/letter/nya/Nya_199.jpg,nya,199,train
../data/raw/Bali/letter/nya/Nya_91.jpg,nya,91,train
../data/raw/Bali/letter/nya/Nya_85.jpg,nya,85,train
../data/raw/Bali/letter/nya/Nya_52.jpg,nya,52,train
../data/raw/Bali/letter/nya/Nya_46.jpg,nya,46,validation
../data/raw/Bali/letter/nya/Nya_50.jpg,nya,50,train
../data/raw/Bali/letter/nya/Nya_44.jpg,nya,44,train
../data/raw/Bali/letter/nya/Nya_78.jpg,nya,78,train
../data/raw/Bali/letter/nya/Nya_93.jpg,nya,93,test
../data/raw/Bali/letter/nya/Nya_87.jpg,nya,87,validation
../data/raw/Bali/letter/nya/Nya_158.jpg,nya,158,train
../data/raw/Bali/letter/nya/Nya_170.jpg,nya,170,train
../data/raw/Bali/letter/nya/Nya_164.jpg,nya,164,train
../data/raw/Bali/letter/nya/Nya_7.jpg,nya,7,train
../data/raw/Bali/letter/nya/Nya_206.jpg,nya,206,train
../data/raw/Bali/letter/nya/Nya_212.jpg,nya,212,validation
../data/raw/Bali/letter/nya/Nya_213.jpg,nya,213,train
../data/raw/Bali/letter/nya/Nya_207.jpg,nya,207,train
../data/raw/Bali/letter/nya/Nya_6.jpg,nya,6,test
../data/raw/Bali/letter/nya/Nya_165.jpg,nya,165,train
../data/raw/Bali/letter/nya/Nya_171.jpg,nya,171,train
../data/raw/Bali/letter/nya/Nya_159.jpg,nya,159,validation
../data/raw/Bali/letter/nya/Nya_86.jpg,nya,86,train
../data/raw/Bali/letter/nya/Nya_92.jpg,nya,92,train
../data/raw/Bali/letter/nya/Nya_79.jpg,nya,79,train
../data/raw/Bali/letter/nya/Nya_45.jpg,nya,45,validation
../data/raw/Bali/letter/nya/Nya_51.jpg,nya,51,train
../data/raw/Bali/letter/nya/Nya_69.jpg,nya,69,validation
../data/raw/Bali/letter/nya/Nya_55.jpg,nya,55,train
../data/raw/Bali/letter/nya/Nya_41.jpg,nya,41,train
../data/raw/Bali/letter/nya/Nya_96.jpg,nya,96,train
../data/raw/Bali/letter/nya/Nya_82.jpg,nya,82,train
../data/raw/Bali/letter/nya/Nya_175.jpg,nya,175,train
../data/raw/Bali/letter/nya/Nya_161.jpg,nya,161,test
../data/raw/Bali/letter/nya/Nya_149.jpg,nya,149,test
../data/raw/Bali/letter/nya/Nya_203.jpg,nya,203,validation
../data/raw/Bali/letter/nya/Nya_217.jpg,nya,217,test
../data/raw/Bali/letter/nya/Nya_2.jpg,nya,2,train
../data/raw/Bali/letter/nya/Nya_3.jpg,nya,3,test
../data/raw/Bali/letter/nya/Nya_216.jpg,nya,216,train
../data/raw/Bali/letter/nya/Nya_202.jpg,nya,202,train
../data/raw/Bali/letter/nya/Nya_148.jpg,nya,148,train
../data/raw/Bali/letter/nya/Nya_160.jpg,nya,160,train
../data/raw/Bali/letter/nya/Nya_174.jpg,nya,174,train
../data/raw/Bali/letter/nya/Nya_83.jpg,nya,83,train
../data/raw/Bali/letter/nya/Nya_97.jpg,nya,97,train
../data/raw/Bali/letter/nya/Nya_40.jpg,nya,40,train
../data/raw/Bali/letter/nya/Nya_54.jpg,nya,54,train
../data/raw/Bali/letter/nya/Nya_68.jpg,nya,68,train
../data/raw/Bali/letter/nya/Nya_42.jpg,nya,42,train
../data/raw/Bali/letter/nya/Nya_56.jpg,nya,56,train
../data/raw/Bali/letter/nya/Nya_81.jpg,nya,81,validation
../data/raw/Bali/letter/nya/Nya_95.jpg,nya,95,train
../data/raw/Bali/letter/nya/Nya_189.jpg,nya,189,train
../data/raw/Bali/letter/nya/Nya_162.jpg,nya,162,train
../data/raw/Bali/letter/nya/Nya_176.jpg,nya,176,train
../data/raw/Bali/letter/nya/Nya_214.jpg,nya,214,train
../data/raw/Bali/letter/nya/Nya_200.jpg,nya,200,test
../data/raw/Bali/letter/nya/Nya_228.jpg,nya,228,validation
../data/raw/Bali/letter/nya/Nya_1.jpg,nya,1,train
../data/raw/Bali/letter/nya/Nya_229.jpg,nya,229,train
../data/raw/Bali/letter/nya/Nya_201.jpg,nya,201,validation
../data/raw/Bali/letter/nya/Nya_215.jpg,nya,215,validation
../data/raw/Bali/letter/nya/Nya_177.jpg,nya,177,train
../data/raw/Bali/letter/nya/Nya_163.jpg,nya,163,train
../data/raw/Bali/letter/nya/Nya_188.jpg,nya,188,train
../data/raw/Bali/letter/nya/Nya_94.jpg,nya,94,train
../data/raw/Bali/letter/nya/Nya_80.jpg,nya,80,test
../data/raw/Bali/letter/nya/Nya_57.jpg,nya,57,train
../data/raw/Bali/letter/nya/Nya_43.jpg,nya,43,test
../data/raw/Bali/letter/nya/Nya_24.jpg,nya,24,train
../data/raw/Bali/letter/nya/Nya_30.jpg,nya,30,validation
../data/raw/Bali/letter/nya/Nya_18.jpg,nya,18,train
../data/raw/Bali/letter/nya/Nya_138.jpg,nya,138,train
../data/raw/Bali/letter/nya/Nya_104.jpg,nya,104,validation
../data/raw/Bali/letter/nya/Nya_110.jpg,nya,110,train
../data/raw/Bali/letter/nya/Nya_111.jpg,nya,111,train
../data/raw/Bali/letter/nya/Nya_105.jpg,nya,105,train
../data/raw/Bali/letter/nya/Nya_139.jpg,nya,139,train
../data/raw/Bali/letter/nya/Nya_19.jpg,nya,19,train
../data/raw/Bali/letter/nya/Nya_31.jpg,nya,31,test
../data/raw/Bali/letter/nya/Nya_25.jpg,nya,25,train
../data/raw/Bali/letter/nya/Nya_33.jpg,nya,33,train
../data/raw/Bali/letter/nya/Nya_27.jpg,nya,27,train
../data/raw/Bali/letter/nya/Nya_113.jpg,nya,113,test
../data/raw/Bali/letter/nya/Nya_107.jpg,nya,107,test
../data/raw/Bali/letter/nya/Nya_106.jpg,nya,106,train
../data/raw/Bali/letter/nya/Nya_112.jpg,nya,112,train
../data/raw/Bali/letter/nya/Nya_26.jpg,nya,26,train
../data/raw/Bali/letter/nya/Nya_32.jpg,nya,32,train
../data/raw/Bali/letter/nya/Nya_36.jpg,nya,36,train
../data/raw/Bali/letter/nya/Nya_22.jpg,nya,22,validation
../data/raw/Bali/letter/nya/Nya_116.jpg,nya,116,test
../data/raw/Bali/letter/nya/Nya_102.jpg,nya,102,test
../data/raw/Bali/letter/nya/Nya_248.jpg,nya,248,train
../data/raw/Bali/letter/nya/Nya_249.jpg,nya,249,train
../data/raw/Bali/letter/nya/Nya_103.jpg,nya,103,test
../data/raw/Bali/letter/nya/Nya_117.jpg,nya,117,validation
../data/raw/Bali/letter/nya/Nya_23.jpg,nya,23,train
../data/raw/Bali/letter/nya/Nya_37.jpg,nya,37,train
../data/raw/Bali/letter/nya/Nya_21.jpg,nya,21,train
../data/raw/Bali/letter/nya/Nya_35.jpg,nya,35,train
../data/raw/Bali/letter/nya/Nya_101.jpg,nya,101,train
../data/raw/Bali/letter/nya/Nya_115.jpg,nya,115,train
../data/raw/Bali/letter/nya/Nya_129.jpg,nya,129,train
../data/raw/Bali/letter/nya/Nya_128.jpg,nya,128,train
../data/raw/Bali/letter/nya/Nya_114.jpg,nya,114,train
../data/raw/Bali/letter/nya/Nya_100.jpg,nya,100,train
../data/raw/Bali/letter/nya/Nya_34.jpg,nya,34,train
../data/raw/Bali/letter/nya/Nya_20.jpg,nya,20,train
../data/raw/Bali/letter/pa/Pa_58.jpg,pa,58,train
../data/raw/Bali/letter/pa/Pa_70.jpg,pa,70,train
../data/raw/Bali/letter/pa/Pa_64.jpg,pa,64,train
../data/raw/Bali/letter/pa/Pa_104.jpg,pa,104,validation
../data/raw/Bali/letter/pa/Pa_3.jpg,pa,3,test
../data/raw/Bali/letter/pa/Pa_110.jpg,pa,110,train
../data/raw/Bali/letter/pa/Pa_138.jpg,pa,138,train
../data/raw/Bali/letter/pa/Pa_139.jpg,pa,139,train
../data/raw/Bali/letter/pa/Pa_2.jpg,pa,2,train
../data/raw/Bali/letter/pa/Pa_111.jpg,pa,111,train
../data/raw/Bali/letter/pa/Pa_105.jpg,pa,105,train
../data/raw/Bali/letter/pa/Pa_65.jpg,pa,65,train
../data/raw/Bali/letter/pa/Pa_71.jpg,pa,71,train
../data/raw/Bali/letter/pa/Pa_59.jpg,pa,59,train
../data/raw/Bali/letter/pa/Pa_67.jpg,pa,67,train
../data/raw/Bali/letter/pa/Pa_73.jpg,pa,73,train
../data/raw/Bali/letter/pa/Pa_98.jpg,pa,98,train
../data/raw/Bali/letter/pa/Pa_113.jpg,pa,113,test
../data/raw/Bali/letter/pa/Pa_107.jpg,pa,107,test
../data/raw/Bali/letter/pa/Pa_106.jpg,pa,106,train
../data/raw/Bali/letter/pa/Pa_112.jpg,pa,112,train
../data/raw/Bali/letter/pa/Pa_1.jpg,pa,1,train
../data/raw/Bali/letter/pa/Pa_99.jpg,pa,99,train
../data/raw/Bali/letter/pa/Pa_72.jpg,pa,72,train
../data/raw/Bali/letter/pa/Pa_66.jpg,pa,66,train
../data/raw/Bali/letter/pa/Pa_248.jpg,pa,248,train
../data/raw/Bali/letter/pa/Pa_62.jpg,pa,62,validation
../data/raw/Bali/letter/pa/Pa_76.jpg,pa,76,validation
../data/raw/Bali/letter/pa/Pa_89.jpg,pa,89,validation
../data/raw/Bali/letter/pa/Pa_5.jpg,pa,5,test
../data/raw/Bali/letter/pa/Pa_116.jpg,pa,116,test
../data/raw/Bali/letter/pa/Pa_102.jpg,pa,102,test
../data/raw/Bali/letter/pa/Pa_103.jpg,pa,103,test
../data/raw/Bali/letter/pa/Pa_4.jpg,pa,4,test
../data/raw/Bali/letter/pa/Pa_117.jpg,pa,117,validation
../data/raw/Bali/letter/pa/Pa_88.jpg,pa,88,train
../data/raw/Bali/letter/pa/Pa_77.jpg,pa,77,train
../data/raw/Bali/letter/pa/Pa_63.jpg,pa,63,train
../data/raw/Bali/letter/pa/Pa_75.jpg,pa,75,test
../data/raw/Bali/letter/pa/Pa_61.jpg,pa,61,test
../data/raw/Bali/letter/pa/Pa_49.jpg,pa,49,train
../data/raw/Bali/letter/pa/Pa_129.jpg,pa,129,train
../data/raw/Bali/letter/pa/Pa_101.jpg,pa,101,train
../data/raw/Bali/letter/pa/Pa_115.jpg,pa,115,train
../data/raw/Bali/letter/pa/Pa_6.jpg,pa,6,test
../data/raw/Bali/letter/pa/Pa_114.jpg,pa,114,train
../data/raw/Bali/letter/pa/Pa_7.jpg,pa,7,train
../data/raw/Bali/letter/pa/Pa_100.jpg,pa,100,train
../data/raw/Bali/letter/pa/Pa_128.jpg,pa,128,train
../data/raw/Bali/letter/pa/Pa_48.jpg,pa,48,test
../data/raw/Bali/letter/pa/Pa_60.jpg,pa,60,train
../data/raw/Bali/letter/pa/Pa_74.jpg,pa,74,train
../data/raw/Bali/letter/pa/Pa_211.jpg,pa,211,train
../data/raw/Bali/letter/pa/Pa_205.jpg,pa,205,train
../data/raw/Bali/letter/pa/Pa_239.jpg,pa,239,train
../data/raw/Bali/letter/pa/Pa_13.jpg,pa,13,validation
../data/raw/Bali/letter/pa/Pa_198.jpg,pa,198,train
../data/raw/Bali/letter/pa/Pa_167.jpg,pa,167,train
../data/raw/Bali/letter/pa/Pa_173.jpg,pa,173,train
../data/raw/Bali/letter/pa/Pa_172.jpg,pa,172,train
../data/raw/Bali/letter/pa/Pa_166.jpg,pa,166,train
../data/raw/Bali/letter/pa/Pa_199.jpg,pa,199,train
../data/raw/Bali/letter/pa/Pa_12.jpg,pa,12,train
../data/raw/Bali/letter/pa/Pa_238.jpg,pa,238,train
../data/raw/Bali/letter/pa/Pa_204.jpg,pa,204,train
../data/raw/Bali/letter/pa/Pa_210.jpg,pa,210,train
../data/raw/Bali/letter/pa/Pa_206.jpg,pa,206,train
../data/raw/Bali/letter/pa/Pa_212.jpg,pa,212,validation
../data/raw/Bali/letter/pa/Pa_38.jpg,pa,38,train
../data/raw/Bali/letter/pa/Pa_10.jpg,pa,10,validation
../data/raw/Bali/letter/pa/Pa_170.jpg,pa,170,train
../data/raw/Bali/letter/pa/Pa_164.jpg,pa,164,train
../data/raw/Bali/letter/pa/Pa_158.jpg,pa,158,train
../data/raw/Bali/letter/pa/Pa_159.jpg,pa,159,validation
../data/raw/Bali/letter/pa/Pa_165.jpg,pa,165,train
../data/raw/Bali/letter/pa/Pa_171.jpg,pa,171,train
../data/raw/Bali/letter/pa/Pa_11.jpg,pa,11,test
../data/raw/Bali/letter/pa/Pa_39.jpg,pa,39,test
../data/raw/Bali/letter/pa/Pa_213.jpg,pa,213,train
../data/raw/Bali/letter/pa/Pa_207.jpg,pa,207,train
../data/raw/Bali/letter/pa/Pa_203.jpg,pa,203,validation
../data/raw/Bali/letter/pa/Pa_217.jpg,pa,217,test
../data/raw/Bali/letter/pa/Pa_15.jpg,pa,15,train
../data/raw/Bali/letter/pa/Pa_29.jpg,pa,29,train
../data/raw/Bali/letter/pa/Pa_149.jpg,pa,149,test
../data/raw/Bali/letter/pa/Pa_175.jpg,pa,175,train
../data/raw/Bali/letter/pa/Pa_161.jpg,pa,161,test
../data/raw/Bali/letter/pa/Pa_160.jpg,pa,160,train
../data/raw/Bali/letter/pa/Pa_174.jpg,pa,174,train
../data/raw/Bali/letter/pa/Pa_148.jpg,pa,148,train
../data/raw/Bali/letter/pa/Pa_28.jpg,pa,28,validation
../data/raw/Bali/letter/pa/Pa_14.jpg,pa,14,train
../data/raw/Bali/letter/pa/Pa_216.jpg,pa,216,train
../data/raw/Bali/letter/pa/Pa_202.jpg,pa,202,train
../data/raw/Bali/letter/pa/Pa_228.jpg,pa,228,validation
../data/raw/Bali/letter/pa/Pa_214.jpg,pa,214,train
../data/raw/Bali/letter/pa/Pa_200.jpg,pa,200,test
../data/raw/Bali/letter/pa/Pa_16.jpg,pa,16,test
../data/raw/Bali/letter/pa/Pa_189.jpg,pa,189,train
../data/raw/Bali/letter/pa/Pa_162.jpg,pa,162,train
../data/raw/Bali/letter/pa/Pa_176.jpg,pa,176,train
../data/raw/Bali/letter/pa/Pa_177.jpg,pa,177,train
../data/raw/Bali/letter/pa/Pa_163.jpg,pa,163,train
../data/raw/Bali/letter/pa/Pa_188.jpg,pa,188,train
../data/raw/Bali/letter/pa/Pa_17.jpg,pa,17,train
../data/raw/Bali/letter/pa/Pa_201.jpg,pa,201,validation
../data/raw/Bali/letter/pa/Pa_215.jpg,pa,215,validation
../data/raw/Bali/letter/pa/Pa_229.jpg,pa,229,train
../data/raw/Bali/letter/pa/Pa_230.jpg,pa,230,train
../data/raw/Bali/letter/pa/Pa_224.jpg,pa,224,test
../data/raw/Bali/letter/pa/Pa_218.jpg,pa,218,test
../data/raw/Bali/letter/pa/Pa_32.jpg,pa,32,train
../data/raw/Bali/letter/pa/Pa_26.jpg,pa,26,train
../data/raw/Bali/letter/pa/Pa_185.jpg,pa,185,train
../data/raw/Bali/letter/pa/Pa_191.jpg,pa,191,train
../data/raw/Bali/letter/pa/Pa_146.jpg,pa,146,train
../data/raw/Bali/letter/pa/Pa_152.jpg,pa,152,test
../data/raw/Bali/letter/pa/Pa_153.jpg,pa,153,validation
../data/raw/Bali/letter/pa/Pa_147.jpg,pa,147,train
../data/raw/Bali/letter/pa/Pa_190.jpg,pa,190,train
../data/raw/Bali/letter/pa/Pa_184.jpg,pa,184,train
../data/raw/Bali/letter/pa/Pa_27.jpg,pa,27,train
../data/raw/Bali/letter/pa/Pa_33.jpg,pa,33,train
../data/raw/Bali/letter/pa/Pa_219.jpg,pa,219,test
../data/raw/Bali/letter/pa/Pa_225.jpg,pa,225,train
../data/raw/Bali/letter/pa/Pa_231.jpg,pa,231,test
../data/raw/Bali/letter/pa/Pa_227.jpg,pa,227,train
../data/raw/Bali/letter/pa/Pa_233.jpg,pa,233,train
../data/raw/Bali/letter/pa/Pa_19.jpg,pa,19,train
../data/raw/Bali/letter/pa/Pa_25.jpg,pa,25,train
../data/raw/Bali/letter/pa/Pa_31.jpg,pa,31,test
../data/raw/Bali/letter/pa/Pa_192.jpg,pa,192,train
../data/raw/Bali/letter/pa/Pa_186.jpg,pa,186,train
../data/raw/Bali/letter/pa/Pa_151.jpg,pa,151,train
../data/raw/Bali/letter/pa/Pa_145.jpg,pa,145,train
../data/raw/Bali/letter/pa/Pa_179.jpg,pa,179,train
../data/raw/Bali/letter/pa/Pa_178.jpg,pa,178,train
../data/raw/Bali/letter/pa/Pa_144.jpg,pa,144,validation
../data/raw/Bali/letter/pa/Pa_150.jpg,pa,150,test
../data/raw/Bali/letter/pa/Pa_187.jpg,pa,187,train
../data/raw/Bali/letter/pa/Pa_193.jpg,pa,193,train
../data/raw/Bali/letter/pa/Pa_30.jpg,pa,30,validation
../data/raw/Bali/letter/pa/Pa_24.jpg,pa,24,train
../data/raw/Bali/letter/pa/Pa_18.jpg,pa,18,train
../data/raw/Bali/letter/pa/Pa_232.jpg,pa,232,train
../data/raw/Bali/letter/pa/Pa_226.jpg,pa,226,train
../data/raw/Bali/letter/pa/Pa_222.jpg,pa,222,train
../data/raw/Bali/letter/pa/Pa_236.jpg,pa,236,train
../data/raw/Bali/letter/pa/Pa_20.jpg,pa,20,train
../data/raw/Bali/letter/pa/Pa_34.jpg,pa,34,train
../data/raw/Bali/letter/pa/Pa_197.jpg,pa,197,train
../data/raw/Bali/letter/pa/Pa_183.jpg,pa,183,train
../data/raw/Bali/letter/pa/Pa_168.jpg,pa,168,validation
../data/raw/Bali/letter/pa/Pa_154.jpg,pa,154,train
../data/raw/Bali/letter/pa/Pa_140.jpg,pa,140,train
../data/raw/Bali/letter/pa/Pa_141.jpg,pa,141,train
../data/raw/Bali/letter/pa/Pa_155.jpg,pa,155,train
../data/raw/Bali/letter/pa/Pa_169.jpg,pa,169,train
../data/raw/Bali/letter/pa/Pa_182.jpg,pa,182,train
../data/raw/Bali/letter/pa/Pa_196.jpg,pa,196,validation
../data/raw/Bali/letter/pa/Pa_35.jpg,pa,35,train
../data/raw/Bali/letter/pa/Pa_21.jpg,pa,21,train
../data/raw/Bali/letter/pa/Pa_237.jpg,pa,237,train
../data/raw/Bali/letter/pa/Pa_223.jpg,pa,223,train
../data/raw/Bali/letter/pa/Pa_209.jpg,pa,209,test
../data/raw/Bali/letter/pa/Pa_235.jpg,pa,235,train
../data/raw/Bali/letter/pa/Pa_221.jpg,pa,221,train
../data/raw/Bali/letter/pa/Pa_37.jpg,pa,37,train
../data/raw/Bali/letter/pa/Pa_23.jpg,pa,23,train
../data/raw/Bali/letter/pa/Pa_180.jpg,pa,180,train
../data/raw/Bali/letter/pa/Pa_194.jpg,pa,194,validation
../data/raw/Bali/letter/pa/Pa_143.jpg,pa,143,train
../data/raw/Bali/letter/pa/Pa_157.jpg,pa,157,train
../data/raw/Bali/letter/pa/Pa_156.jpg,pa,156,test
../data/raw/Bali/letter/pa/Pa_142.jpg,pa,142,test
../data/raw/Bali/letter/pa/Pa_195.jpg,pa,195,validation
../data/raw/Bali/letter/pa/Pa_181.jpg,pa,181,validation
../data/raw/Bali/letter/pa/Pa_22.jpg,pa,22,validation
../data/raw/Bali/letter/pa/Pa_36.jpg,pa,36,train
../data/raw/Bali/letter/pa/Pa_220.jpg,pa,220,test
../data/raw/Bali/letter/pa/Pa_234.jpg,pa,234,train
../data/raw/Bali/letter/pa/Pa_208.jpg,pa,208,validation
../data/raw/Bali/letter/pa/Pa_247.jpg,pa,247,train
../data/raw/Bali/letter/pa/Pa_79.jpg,pa,79,train
../data/raw/Bali/letter/pa/Pa_51.jpg,pa,51,train
../data/raw/Bali/letter/pa/Pa_45.jpg,pa,45,validation
../data/raw/Bali/letter/pa/Pa_92.jpg,pa,92,train
../data/raw/Bali/letter/pa/Pa_86.jpg,pa,86,train
../data/raw/Bali/letter/pa/Pa_125.jpg,pa,125,test
../data/raw/Bali/letter/pa/Pa_131.jpg,pa,131,train
../data/raw/Bali/letter/pa/Pa_119.jpg,pa,119,validation
../data/raw/Bali/letter/pa/Pa_118.jpg,pa,118,train
../data/raw/Bali/letter/pa/Pa_130.jpg,pa,130,validation
../data/raw/Bali/letter/pa/Pa_124.jpg,pa,124,test
../data/raw/Bali/letter/pa/Pa_87.jpg,pa,87,validation
../data/raw/Bali/letter/pa/Pa_93.jpg,pa,93,test
../data/raw/Bali/letter/pa/Pa_44.jpg,pa,44,train
../data/raw/Bali/letter/pa/Pa_50.jpg,pa,50,train
../data/raw/Bali/letter/pa/Pa_78.jpg,pa,78,train
../data/raw/Bali/letter/pa/Pa_246.jpg,pa,246,validation
../data/raw/Bali/letter/pa/Pa_244.jpg,pa,244,train
../data/raw/Bali/letter/pa/Pa_46.jpg,pa,46,validation
../data/raw/Bali/letter/pa/Pa_52.jpg,pa,52,train
../data/raw/Bali/letter/pa/Pa_85.jpg,pa,85,train
../data/raw/Bali/letter/pa/Pa_91.jpg,pa,91,train
../data/raw/Bali/letter/pa/Pa_132.jpg,pa,132,train
../data/raw/Bali/letter/pa/Pa_126.jpg,pa,126,validation
../data/raw/Bali/letter/pa/Pa_9.jpg,pa,9,train
../data/raw/Bali/letter/pa/Pa_8.jpg,pa,8,train
../data/raw/Bali/letter/pa/Pa_127.jpg,pa,127,validation
../data/raw/Bali/letter/pa/Pa_133.jpg,pa,133,train
../data/raw/Bali/letter/pa/Pa_90.jpg,pa,90,train
../data/raw/Bali/letter/pa/Pa_84.jpg,pa,84,test
../data/raw/Bali/letter/pa/Pa_53.jpg,pa,53,test
../data/raw/Bali/letter/pa/Pa_47.jpg,pa,47,train
../data/raw/Bali/letter/pa/Pa_245.jpg,pa,245,train
../data/raw/Bali/letter/pa/Pa_241.jpg,pa,241,train
../data/raw/Bali/letter/pa/Pa_43.jpg,pa,43,test
../data/raw/Bali/letter/pa/Pa_57.jpg,pa,57,train
../data/raw/Bali/letter/pa/Pa_80.jpg,pa,80,test
../data/raw/Bali/letter/pa/Pa_94.jpg,pa,94,train
../data/raw/Bali/letter/pa/Pa_137.jpg,pa,137,train
../data/raw/Bali/letter/pa/Pa_123.jpg,pa,123,validation
../data/raw/Bali/letter/pa/Pa_122.jpg,pa,122,train
../data/raw/Bali/letter/pa/Pa_136.jpg,pa,136,validation
../data/raw/Bali/letter/pa/Pa_95.jpg,pa,95,train
../data/raw/Bali/letter/pa/Pa_81.jpg,pa,81,validation
../data/raw/Bali/letter/pa/Pa_56.jpg,pa,56,train
../data/raw/Bali/letter/pa/Pa_42.jpg,pa,42,train
../data/raw/Bali/letter/pa/Pa_240.jpg,pa,240,validation
../data/raw/Bali/letter/pa/Pa_242.jpg,pa,242,train
../data/raw/Bali/letter/pa/Pa_54.jpg,pa,54,train
../data/raw/Bali/letter/pa/Pa_40.jpg,pa,40,train
../data/raw/Bali/letter/pa/Pa_68.jpg,pa,68,train
../data/raw/Bali/letter/pa/Pa_97.jpg,pa,97,train
../data/raw/Bali/letter/pa/Pa_83.jpg,pa,83,train
../data/raw/Bali/letter/pa/Pa_108.jpg,pa,108,train
../data/raw/Bali/letter/pa/Pa_120.jpg,pa,120,train
../data/raw/Bali/letter/pa/Pa_134.jpg,pa,134,train
../data/raw/Bali/letter/pa/Pa_135.jpg,pa,135,test
../data/raw/Bali/letter/pa/Pa_121.jpg,pa,121,train
../data/raw/Bali/letter/pa/Pa_109.jpg,pa,109,validation
../data/raw/Bali/letter/pa/Pa_82.jpg,pa,82,train
../data/raw/Bali/letter/pa/Pa_96.jpg,pa,96,train
../data/raw/Bali/letter/pa/Pa_69.jpg,pa,69,validation
../data/raw/Bali/letter/pa/Pa_41.jpg,pa,41,train
../data/raw/Bali/letter/pa/Pa_55.jpg,pa,55,train
../data/raw/Bali/letter/pa/Pa_243.jpg,pa,243,train
../data/raw/Bali/letter/ra/Ra_29.jpg,ra,29,train
../data/raw/Bali/letter/ra/Ra_6.jpg,ra,6,test
../data/raw/Bali/letter/ra/Ra_15.jpg,ra,15,train
../data/raw/Bali/letter/ra/Ra_209.jpg,ra,209,test
../data/raw/Bali/letter/ra/Ra_221.jpg,ra,221,train
../data/raw/Bali/letter/ra/Ra_235.jpg,ra,235,train
../data/raw/Bali/letter/ra/Ra_157.jpg,ra,157,train
../data/raw/Bali/letter/ra/Ra_143.jpg,ra,143,train
../data/raw/Bali/letter/ra/Ra_194.jpg,ra,194,validation
../data/raw/Bali/letter/ra/Ra_180.jpg,ra,180,train
../data/raw/Bali/letter/ra/Ra_181.jpg,ra,181,validation
../data/raw/Bali/letter/ra/Ra_195.jpg,ra,195,validation
../data/raw/Bali/letter/ra/Ra_142.jpg,ra,142,test
../data/raw/Bali/letter/ra/Ra_156.jpg,ra,156,test
../data/raw/Bali/letter/ra/Ra_234.jpg,ra,234,train
../data/raw/Bali/letter/ra/Ra_220.jpg,ra,220,test
../data/raw/Bali/letter/ra/Ra_208.jpg,ra,208,validation
../data/raw/Bali/letter/ra/Ra_14.jpg,ra,14,train
../data/raw/Bali/letter/ra/Ra_7.jpg,ra,7,train
../data/raw/Bali/letter/ra/Ra_28.jpg,ra,28,validation
../data/raw/Bali/letter/ra/Ra_5.jpg,ra,5,test
../data/raw/Bali/letter/ra/Ra_16.jpg,ra,16,test
../data/raw/Bali/letter/ra/Ra_236.jpg,ra,236,train
../data/raw/Bali/letter/ra/Ra_222.jpg,ra,222,train
../data/raw/Bali/letter/ra/Ra_168.jpg,ra,168,validation
../data/raw/Bali/letter/ra/Ra_140.jpg,ra,140,train
../data/raw/Bali/letter/ra/Ra_154.jpg,ra,154,train
../data/raw/Bali/letter/ra/Ra_183.jpg,ra,183,train
../data/raw/Bali/letter/ra/Ra_197.jpg,ra,197,train
../data/raw/Bali/letter/ra/Ra_196.jpg,ra,196,validation
../data/raw/Bali/letter/ra/Ra_182.jpg,ra,182,train
../data/raw/Bali/letter/ra/Ra_155.jpg,ra,155,train
../data/raw/Bali/letter/ra/Ra_141.jpg,ra,141,train
../data/raw/Bali/letter/ra/Ra_169.jpg,ra,169,train
../data/raw/Bali/letter/ra/Ra_223.jpg,ra,223,train
../data/raw/Bali/letter/ra/Ra_237.jpg,ra,237,train
../data/raw/Bali/letter/ra/Ra_17.jpg,ra,17,train
../data/raw/Bali/letter/ra/Ra_4.jpg,ra,4,test
../data/raw/Bali/letter/ra/Ra_13.jpg,ra,13,validation
../data/raw/Bali/letter/ra/Ra_233.jpg,ra,233,train
../data/raw/Bali/letter/ra/Ra_227.jpg,ra,227,train
../data/raw/Bali/letter/ra/Ra_145.jpg,ra,145,train
../data/raw/Bali/letter/ra/Ra_151.jpg,ra,151,train
../data/raw/Bali/letter/ra/Ra_179.jpg,ra,179,train
../data/raw/Bali/letter/ra/Ra_186.jpg,ra,186,train
../data/raw/Bali/letter/ra/Ra_192.jpg,ra,192,train
../data/raw/Bali/letter/ra/Ra_193.jpg,ra,193,train
../data/raw/Bali/letter/ra/Ra_187.jpg,ra,187,train
../data/raw/Bali/letter/ra/Ra_178.jpg,ra,178,train
../data/raw/Bali/letter/ra/Ra_150.jpg,ra,150,test
../data/raw/Bali/letter/ra/Ra_144.jpg,ra,144,validation
../data/raw/Bali/letter/ra/Ra_226.jpg,ra,226,train
../data/raw/Bali/letter/ra/Ra_232.jpg,ra,232,train
../data/raw/Bali/letter/ra/Ra_1.jpg,ra,1,train
../data/raw/Bali/letter/ra/Ra_12.jpg,ra,12,train
../data/raw/Bali/letter/ra/Ra_10.jpg,ra,10,validation
../data/raw/Bali/letter/ra/Ra_3.jpg,ra,3,test
../data/raw/Bali/letter/ra/Ra_38.jpg,ra,38,train
../data/raw/Bali/letter/ra/Ra_224.jpg,ra,224,test
../data/raw/Bali/letter/ra/Ra_230.jpg,ra,230,train
../data/raw/Bali/letter/ra/Ra_218.jpg,ra,218,test
../data/raw/Bali/letter/ra/Ra_152.jpg,ra,152,test
../data/raw/Bali/letter/ra/Ra_146.jpg,ra,146,train
../data/raw/Bali/letter/ra/Ra_191.jpg,ra,191,train
../data/raw/Bali/letter/ra/Ra_185.jpg,ra,185,train
../data/raw/Bali/letter/ra/Ra_184.jpg,ra,184,train
../data/raw/Bali/letter/ra/Ra_190.jpg,ra,190,train
../data/raw/Bali/letter/ra/Ra_147.jpg,ra,147,train
../data/raw/Bali/letter/ra/Ra_153.jpg,ra,153,validation
../data/raw/Bali/letter/ra/Ra_219.jpg,ra,219,test
../data/raw/Bali/letter/ra/Ra_231.jpg,ra,231,test
../data/raw/Bali/letter/ra/Ra_225.jpg,ra,225,train
../data/raw/Bali/letter/ra/Ra_39.jpg,ra,39,test
../data/raw/Bali/letter/ra/Ra_2.jpg,ra,2,train
../data/raw/Bali/letter/ra/Ra_11.jpg,ra,11,test
../data/raw/Bali/letter/ra/Ra_89.jpg,ra,89,validation
../data/raw/Bali/letter/ra/Ra_76.jpg,ra,76,validation
../data/raw/Bali/letter/ra/Ra_62.jpg,ra,62,validation
../data/raw/Bali/letter/ra/Ra_242.jpg,ra,242,train
../data/raw/Bali/letter/ra/Ra_108.jpg,ra,108,train
../data/raw/Bali/letter/ra/Ra_134.jpg,ra,134,train
../data/raw/Bali/letter/ra/Ra_120.jpg,ra,120,train
../data/raw/Bali/letter/ra/Ra_121.jpg,ra,121,train
../data/raw/Bali/letter/ra/Ra_135.jpg,ra,135,test
../data/raw/Bali/letter/ra/Ra_109.jpg,ra,109,validation
../data/raw/Bali/letter/ra/Ra_243.jpg,ra,243,train
../data/raw/Bali/letter/ra/Ra_63.jpg,ra,63,train
../data/raw/Bali/letter/ra/Ra_77.jpg,ra,77,train
../data/raw/Bali/letter/ra/Ra_88.jpg,ra,88,train
../data/raw/Bali/letter/ra/Ra_49.jpg,ra,49,train
../data/raw/Bali/letter/ra/Ra_61.jpg,ra,61,test
../data/raw/Bali/letter/ra/Ra_75.jpg,ra,75,test
../data/raw/Bali/letter/ra/Ra_241.jpg,ra,241,train
../data/raw/Bali/letter/ra/Ra_123.jpg,ra,123,validation
../data/raw/Bali/letter/ra/Ra_137.jpg,ra,137,train
../data/raw/Bali/letter/ra/Ra_136.jpg,ra,136,validation
../data/raw/Bali/letter/ra/Ra_122.jpg,ra,122,train
../data/raw/Bali/letter/ra/Ra_240.jpg,ra,240,validation
../data/raw/Bali/letter/ra/Ra_74.jpg,ra,74,train
../data/raw/Bali/letter/ra/Ra_60.jpg,ra,60,train
../data/raw/Bali/letter/ra/Ra_48.jpg,ra,48,test
../data/raw/Bali/letter/ra/Ra_64.jpg,ra,64,train
../data/raw/Bali/letter/ra/Ra_70.jpg,ra,70,train
../data/raw/Bali/letter/ra/Ra_58.jpg,ra,58,train
../data/raw/Bali/letter/ra/Ra_250.jpg,ra,250,train
../data/raw/Bali/letter/ra/Ra_244.jpg,ra,244,train
../data/raw/Bali/letter/ra/Ra_126.jpg,ra,126,validation
../data/raw/Bali/letter/ra/Ra_132.jpg,ra,132,train
../data/raw/Bali/letter/ra/Ra_133.jpg,ra,133,train
../data/raw/Bali/letter/ra/Ra_127.jpg,ra,127,validation
../data/raw/Bali/letter/ra/Ra_245.jpg,ra,245,train
../data/raw/Bali/letter/ra/Ra_251.jpg,ra,251,train
../data/raw/Bali/letter/ra/Ra_59.jpg,ra,59,train
../data/raw/Bali/letter/ra/Ra_71.jpg,ra,71,train
../data/raw/Bali/letter/ra/Ra_65.jpg,ra,65,train
../data/raw/Bali/letter/ra/Ra_98.jpg,ra,98,train
../data/raw/Bali/letter/ra/Ra_73.jpg,ra,73,train
../data/raw/Bali/letter/ra/Ra_67.jpg,ra,67,train
../data/raw/Bali/letter/ra/Ra_247.jpg,ra,247,train
../data/raw/Bali/letter/ra/Ra_131.jpg,ra,131,train
../data/raw/Bali/letter/ra/Ra_125.jpg,ra,125,test
../data/raw/Bali/letter/ra/Ra_119.jpg,ra,119,validation
../data/raw/Bali/letter/ra/Ra_118.jpg,ra,118,train
../data/raw/Bali/letter/ra/Ra_124.jpg,ra,124,test
../data/raw/Bali/letter/ra/Ra_130.jpg,ra,130,validation
../data/raw/Bali/letter/ra/Ra_252.jpg,ra,252,train
../data/raw/Bali/letter/ra/Ra_246.jpg,ra,246,validation
../data/raw/Bali/letter/ra/Ra_66.jpg,ra,66,train
../data/raw/Bali/letter/ra/Ra_72.jpg,ra,72,train
../data/raw/Bali/letter/ra/Ra_99.jpg,ra,99,train
../data/raw/Bali/letter/ra/Ra_94.jpg,ra,94,train
../data/raw/Bali/letter/ra/Ra_80.jpg,ra,80,test
../data/raw/Bali/letter/ra/Ra_57.jpg,ra,57,train
../data/raw/Bali/letter/ra/Ra_43.jpg,ra,43,test
../data/raw/Bali/letter/ra/Ra_129.jpg,ra,129,train
../data/raw/Bali/letter/ra/Ra_115.jpg,ra,115,train
../data/raw/Bali/letter/ra/Ra_101.jpg,ra,101,train
../data/raw/Bali/letter/ra/Ra_100.jpg,ra,100,train
../data/raw/Bali/letter/ra/Ra_114.jpg,ra,114,train
../data/raw/Bali/letter/ra/Ra_128.jpg,ra,128,train
../data/raw/Bali/letter/ra/Ra_42.jpg,ra,42,train
../data/raw/Bali/letter/ra/Ra_56.jpg,ra,56,train
../data/raw/Bali/letter/ra/Ra_81.jpg,ra,81,validation
../data/raw/Bali/letter/ra/Ra_95.jpg,ra,95,train
../data/raw/Bali/letter/ra/Ra_83.jpg,ra,83,train
../data/raw/Bali/letter/ra/Ra_97.jpg,ra,97,train
../data/raw/Bali/letter/ra/Ra_68.jpg,ra,68,train
../data/raw/Bali/letter/ra/Ra_40.jpg,ra,40,train
../data/raw/Bali/letter/ra/Ra_54.jpg,ra,54,train
../data/raw/Bali/letter/ra/Ra_248.jpg,ra,248,train
../data/raw/Bali/letter/ra/Ra_102.jpg,ra,102,test
../data/raw/Bali/letter/ra/Ra_116.jpg,ra,116,test
../data/raw/Bali/letter/ra/Ra_117.jpg,ra,117,validation
../data/raw/Bali/letter/ra/Ra_103.jpg,ra,103,test
../data/raw/Bali/letter/ra/Ra_249.jpg,ra,249,train
../data/raw/Bali/letter/ra/Ra_55.jpg,ra,55,train
../data/raw/Bali/letter/ra/Ra_41.jpg,ra,41,train
../data/raw/Bali/letter/ra/Ra_69.jpg,ra,69,validation
../data/raw/Bali/letter/ra/Ra_96.jpg,ra,96,train
../data/raw/Bali/letter/ra/Ra_82.jpg,ra,82,train
../data/raw/Bali/letter/ra/Ra_86.jpg,ra,86,train
../data/raw/Bali/letter/ra/Ra_92.jpg,ra,92,train
../data/raw/Bali/letter/ra/Ra_45.jpg,ra,45,validation
../data/raw/Bali/letter/ra/Ra_51.jpg,ra,51,train
../data/raw/Bali/letter/ra/Ra_79.jpg,ra,79,train
../data/raw/Bali/letter/ra/Ra_107.jpg,ra,107,test
../data/raw/Bali/letter/ra/Ra_113.jpg,ra,113,test
../data/raw/Bali/letter/ra/Ra_112.jpg,ra,112,train
../data/raw/Bali/letter/ra/Ra_106.jpg,ra,106,train
../data/raw/Bali/letter/ra/Ra_78.jpg,ra,78,train
../data/raw/Bali/letter/ra/Ra_50.jpg,ra,50,train
../data/raw/Bali/letter/ra/Ra_44.jpg,ra,44,train
../data/raw/Bali/letter/ra/Ra_93.jpg,ra,93,test
../data/raw/Bali/letter/ra/Ra_87.jpg,ra,87,validation
../data/raw/Bali/letter/ra/Ra_91.jpg,ra,91,train
../data/raw/Bali/letter/ra/Ra_85.jpg,ra,85,train
../data/raw/Bali/letter/ra/Ra_52.jpg,ra,52,train
../data/raw/Bali/letter/ra/Ra_46.jpg,ra,46,validation
../data/raw/Bali/letter/ra/Ra_110.jpg,ra,110,train
../data/raw/Bali/letter/ra/Ra_104.jpg,ra,104,validation
../data/raw/Bali/letter/ra/Ra_138.jpg,ra,138,train
../data/raw/Bali/letter/ra/Ra_139.jpg,ra,139,train
../data/raw/Bali/letter/ra/Ra_105.jpg,ra,105,train
../data/raw/Bali/letter/ra/Ra_111.jpg,ra,111,train
../data/raw/Bali/letter/ra/Ra_47.jpg,ra,47,train
../data/raw/Bali/letter/ra/Ra_53.jpg,ra,53,test
../data/raw/Bali/letter/ra/Ra_84.jpg,ra,84,test
../data/raw/Bali/letter/ra/Ra_90.jpg,ra,90,train
../data/raw/Bali/letter/ra/Ra_34.jpg,ra,34,train
../data/raw/Bali/letter/ra/Ra_20.jpg,ra,20,train
../data/raw/Bali/letter/ra/Ra_228.jpg,ra,228,validation
../data/raw/Bali/letter/ra/Ra_200.jpg,ra,200,test
../data/raw/Bali/letter/ra/Ra_214.jpg,ra,214,train
../data/raw/Bali/letter/ra/Ra_176.jpg,ra,176,train
../data/raw/Bali/letter/ra/Ra_162.jpg,ra,162,train
../data/raw/Bali/letter/ra/Ra_189.jpg,ra,189,train
../data/raw/Bali/letter/ra/Ra_188.jpg,ra,188,train
../data/raw/Bali/letter/ra/Ra_163.jpg,ra,163,train
../data/raw/Bali/letter/ra/Ra_177.jpg,ra,177,train
../data/raw/Bali/letter/ra/Ra_215.jpg,ra,215,validation
../data/raw/Bali/letter/ra/Ra_201.jpg,ra,201,validation
../data/raw/Bali/letter/ra/Ra_229.jpg,ra,229,train
../data/raw/Bali/letter/ra/Ra_21.jpg,ra,21,train
../data/raw/Bali/letter/ra/Ra_35.jpg,ra,35,train
../data/raw/Bali/letter/ra/Ra_23.jpg,ra,23,train
../data/raw/Bali/letter/ra/Ra_37.jpg,ra,37,train
../data/raw/Bali/letter/ra/Ra_217.jpg,ra,217,test
../data/raw/Bali/letter/ra/Ra_203.jpg,ra,203,validation
../data/raw/Bali/letter/ra/Ra_149.jpg,ra,149,test
../data/raw/Bali/letter/ra/Ra_161.jpg,ra,161,test
../data/raw/Bali/letter/ra/Ra_175.jpg,ra,175,train
../data/raw/Bali/letter/ra/Ra_174.jpg,ra,174,train
../data/raw/Bali/letter/ra/Ra_160.jpg,ra,160,train
../data/raw/Bali/letter/ra/Ra_148.jpg,ra,148,train
../data/raw/Bali/letter/ra/Ra_202.jpg,ra,202,train
../data/raw/Bali/letter/ra/Ra_216.jpg,ra,216,train
../data/raw/Bali/letter/ra/Ra_36.jpg,ra,36,train
../data/raw/Bali/letter/ra/Ra_22.jpg,ra,22,validation
../data/raw/Bali/letter/ra/Ra_26.jpg,ra,26,train
../data/raw/Bali/letter/ra/Ra_9.jpg,ra,9,train
../data/raw/Bali/letter/ra/Ra_32.jpg,ra,32,train
../data/raw/Bali/letter/ra/Ra_212.jpg,ra,212,validation
../data/raw/Bali/letter/ra/Ra_206.jpg,ra,206,train
../data/raw/Bali/letter/ra/Ra_164.jpg,ra,164,train
../data/raw/Bali/letter/ra/Ra_170.jpg,ra,170,train
../data/raw/Bali/letter/ra/Ra_158.jpg,ra,158,train
../data/raw/Bali/letter/ra/Ra_159.jpg,ra,159,validation
../data/raw/Bali/letter/ra/Ra_171.jpg,ra,171,train
../data/raw/Bali/letter/ra/Ra_165.jpg,ra,165,train
../data/raw/Bali/letter/ra/Ra_207.jpg,ra,207,train
../data/raw/Bali/letter/ra/Ra_213.jpg,ra,213,train
../data/raw/Bali/letter/ra/Ra_33.jpg,ra,33,train
../data/raw/Bali/letter/ra/Ra_8.jpg,ra,8,train
../data/raw/Bali/letter/ra/Ra_27.jpg,ra,27,train
../data/raw/Bali/letter/ra/Ra_31.jpg,ra,31,test
../data/raw/Bali/letter/ra/Ra_25.jpg,ra,25,train
../data/raw/Bali/letter/ra/Ra_19.jpg,ra,19,train
../data/raw/Bali/letter/ra/Ra_205.jpg,ra,205,train
../data/raw/Bali/letter/ra/Ra_211.jpg,ra,211,train
../data/raw/Bali/letter/ra/Ra_239.jpg,ra,239,train
../data/raw/Bali/letter/ra/Ra_173.jpg,ra,173,train
../data/raw/Bali/letter/ra/Ra_167.jpg,ra,167,train
../data/raw/Bali/letter/ra/Ra_198.jpg,ra,198,train
../data/raw/Bali/letter/ra/Ra_199.jpg,ra,199,train
../data/raw/Bali/letter/ra/Ra_166.jpg,ra,166,train
../data/raw/Bali/letter/ra/Ra_172.jpg,ra,172,train
../data/raw/Bali/letter/ra/Ra_238.jpg,ra,238,train
../data/raw/Bali/letter/ra/Ra_210.jpg,ra,210,train
../data/raw/Bali/letter/ra/Ra_204.jpg,ra,204,train
../data/raw/Bali/letter/ra/Ra_18.jpg,ra,18,train
../data/raw/Bali/letter/ra/Ra_24.jpg,ra,24,train
../data/raw/Bali/letter/ra/Ra_30.jpg,ra,30,validation
../data/raw/Bali/letter/sa/Sa_209.jpg,sa,209,test
../data/raw/Bali/letter/sa/Sa_235.jpg,sa,235,train
../data/raw/Bali/letter/sa/Sa_221.jpg,sa,221,train
../data/raw/Bali/letter/sa/Sa_38.jpg,sa,38,train
../data/raw/Bali/letter/sa/Sa_10.jpg,sa,10,validation
../data/raw/Bali/letter/sa/Sa_143.jpg,sa,143,train
../data/raw/Bali/letter/sa/Sa_157.jpg,sa,157,train
../data/raw/Bali/letter/sa/Sa_180.jpg,sa,180,train
../data/raw/Bali/letter/sa/Sa_194.jpg,sa,194,validation
../data/raw/Bali/letter/sa/Sa_195.jpg,sa,195,validation
../data/raw/Bali/letter/sa/Sa_181.jpg,sa,181,validation
../data/raw/Bali/letter/sa/Sa_156.jpg,sa,156,test
../data/raw/Bali/letter/sa/Sa_142.jpg,sa,142,test
../data/raw/Bali/letter/sa/Sa_11.jpg,sa,11,test
../data/raw/Bali/letter/sa/Sa_39.jpg,sa,39,test
../data/raw/Bali/letter/sa/Sa_220.jpg,sa,220,test
../data/raw/Bali/letter/sa/Sa_234.jpg,sa,234,train
../data/raw/Bali/letter/sa/Sa_208.jpg,sa,208,validation
../data/raw/Bali/letter/sa/Sa_222.jpg,sa,222,train
../data/raw/Bali/letter/sa/Sa_236.jpg,sa,236,train
../data/raw/Bali/letter/sa/Sa_13.jpg,sa,13,validation
../data/raw/Bali/letter/sa/Sa_168.jpg,sa,168,validation
../data/raw/Bali/letter/sa/Sa_154.jpg,sa,154,train
../data/raw/Bali/letter/sa/Sa_140.jpg,sa,140,train
../data/raw/Bali/letter/sa/Sa_197.jpg,sa,197,train
../data/raw/Bali/letter/sa/Sa_183.jpg,sa,183,train
../data/raw/Bali/letter/sa/Sa_182.jpg,sa,182,train
../data/raw/Bali/letter/sa/Sa_196.jpg,sa,196,validation
../data/raw/Bali/letter/sa/Sa_141.jpg,sa,141,train
../data/raw/Bali/letter/sa/Sa_155.jpg,sa,155,train
../data/raw/Bali/letter/sa/Sa_169.jpg,sa,169,train
../data/raw/Bali/letter/sa/Sa_12.jpg,sa,12,train
../data/raw/Bali/letter/sa/Sa_237.jpg,sa,237,train
../data/raw/Bali/letter/sa/Sa_223.jpg,sa,223,train
../data/raw/Bali/letter/sa/Sa_227.jpg,sa,227,train
../data/raw/Bali/letter/sa/Sa_233.jpg,sa,233,train
../data/raw/Bali/letter/sa/Sa_16.jpg,sa,16,test
../data/raw/Bali/letter/sa/Sa_151.jpg,sa,151,train
../data/raw/Bali/letter/sa/Sa_145.jpg,sa,145,train
../data/raw/Bali/letter/sa/Sa_179.jpg,sa,179,train
../data/raw/Bali/letter/sa/Sa_192.jpg,sa,192,train
../data/raw/Bali/letter/sa/Sa_186.jpg,sa,186,train
../data/raw/Bali/letter/sa/Sa_187.jpg,sa,187,train
../data/raw/Bali/letter/sa/Sa_193.jpg,sa,193,train
../data/raw/Bali/letter/sa/Sa_178.jpg,sa,178,train
../data/raw/Bali/letter/sa/Sa_144.jpg,sa,144,validation
../data/raw/Bali/letter/sa/Sa_150.jpg,sa,150,test
../data/raw/Bali/letter/sa/Sa_17.jpg,sa,17,train
../data/raw/Bali/letter/sa/Sa_232.jpg,sa,232,train
../data/raw/Bali/letter/sa/Sa_226.jpg,sa,226,train
../data/raw/Bali/letter/sa/Sa_230.jpg,sa,230,train
../data/raw/Bali/letter/sa/Sa_224.jpg,sa,224,test
../data/raw/Bali/letter/sa/Sa_218.jpg,sa,218,test
../data/raw/Bali/letter/sa/Sa_15.jpg,sa,15,train
../data/raw/Bali/letter/sa/Sa_29.jpg,sa,29,train
../data/raw/Bali/letter/sa/Sa_146.jpg,sa,146,train
../data/raw/Bali/letter/sa/Sa_152.jpg,sa,152,test
../data/raw/Bali/letter/sa/Sa_185.jpg,sa,185,train
../data/raw/Bali/letter/sa/Sa_191.jpg,sa,191,train
../data/raw/Bali/letter/sa/Sa_190.jpg,sa,190,train
../data/raw/Bali/letter/sa/Sa_184.jpg,sa,184,train
../data/raw/Bali/letter/sa/Sa_153.jpg,sa,153,validation
../data/raw/Bali/letter/sa/Sa_147.jpg,sa,147,train
../data/raw/Bali/letter/sa/Sa_28.jpg,sa,28,validation
../data/raw/Bali/letter/sa/Sa_14.jpg,sa,14,train
../data/raw/Bali/letter/sa/Sa_219.jpg,sa,219,test
../data/raw/Bali/letter/sa/Sa_225.jpg,sa,225,train
../data/raw/Bali/letter/sa/Sa_231.jpg,sa,231,test
../data/raw/Bali/letter/sa/Sa_98.jpg,sa,98,train
../data/raw/Bali/letter/sa/Sa_242.jpg,sa,242,train
../data/raw/Bali/letter/sa/Sa_67.jpg,sa,67,train
../data/raw/Bali/letter/sa/Sa_73.jpg,sa,73,train
../data/raw/Bali/letter/sa/Sa_108.jpg,sa,108,train
../data/raw/Bali/letter/sa/Sa_120.jpg,sa,120,train
../data/raw/Bali/letter/sa/Sa_134.jpg,sa,134,train
../data/raw/Bali/letter/sa/Sa_135.jpg,sa,135,test
../data/raw/Bali/letter/sa/Sa_121.jpg,sa,121,train
../data/raw/Bali/letter/sa/Sa_109.jpg,sa,109,validation
../data/raw/Bali/letter/sa/Sa_72.jpg,sa,72,train
../data/raw/Bali/letter/sa/Sa_66.jpg,sa,66,train
../data/raw/Bali/letter/sa/Sa_243.jpg,sa,243,train
../data/raw/Bali/letter/sa/Sa_99.jpg,sa,99,train
../data/raw/Bali/letter/sa/Sa_241.jpg,sa,241,train
../data/raw/Bali/letter/sa/Sa_58.jpg,sa,58,train
../data/raw/Bali/letter/sa/Sa_70.jpg,sa,70,train
../data/raw/Bali/letter/sa/Sa_64.jpg,sa,64,train
../data/raw/Bali/letter/sa/Sa_137.jpg,sa,137,train
../data/raw/Bali/letter/sa/Sa_123.jpg,sa,123,validation
../data/raw/Bali/letter/sa/Sa_122.jpg,sa,122,train
../data/raw/Bali/letter/sa/Sa_136.jpg,sa,136,validation
../data/raw/Bali/letter/sa/Sa_65.jpg,sa,65,train
../data/raw/Bali/letter/sa/Sa_71.jpg,sa,71,train
../data/raw/Bali/letter/sa/Sa_59.jpg,sa,59,train
../data/raw/Bali/letter/sa/Sa_240.jpg,sa,240,validation
../data/raw/Bali/letter/sa/Sa_244.jpg,sa,244,train
../data/raw/Bali/letter/sa/Sa_75.jpg,sa,75,test
../data/raw/Bali/letter/sa/Sa_61.jpg,sa,61,test
../data/raw/Bali/letter/sa/Sa_49.jpg,sa,49,train
../data/raw/Bali/letter/sa/Sa_132.jpg,sa,132,train
../data/raw/Bali/letter/sa/Sa_126.jpg,sa,126,validation
../data/raw/Bali/letter/sa/Sa_127.jpg,sa,127,validation
../data/raw/Bali/letter/sa/Sa_133.jpg,sa,133,train
../data/raw/Bali/letter/sa/Sa_48.jpg,sa,48,test
../data/raw/Bali/letter/sa/Sa_60.jpg,sa,60,train
../data/raw/Bali/letter/sa/Sa_74.jpg,sa,74,train
../data/raw/Bali/letter/sa/Sa_245.jpg,sa,245,train
../data/raw/Bali/letter/sa/Sa_247.jpg,sa,247,train
../data/raw/Bali/letter/sa/Sa_89.jpg,sa,89,validation
../data/raw/Bali/letter/sa/Sa_62.jpg,sa,62,validation
../data/raw/Bali/letter/sa/Sa_76.jpg,sa,76,validation
../data/raw/Bali/letter/sa/Sa_8.jpg,sa,8,train
../data/raw/Bali/letter/sa/Sa_125.jpg,sa,125,test
../data/raw/Bali/letter/sa/Sa_131.jpg,sa,131,train
../data/raw/Bali/letter/sa/Sa_119.jpg,sa,119,validation
../data/raw/Bali/letter/sa/Sa_118.jpg,sa,118,train
../data/raw/Bali/letter/sa/Sa_130.jpg,sa,130,validation
../data/raw/Bali/letter/sa/Sa_124.jpg,sa,124,test
../data/raw/Bali/letter/sa/Sa_9.jpg,sa,9,train
../data/raw/Bali/letter/sa/Sa_77.jpg,sa,77,train
../data/raw/Bali/letter/sa/Sa_63.jpg,sa,63,train
../data/raw/Bali/letter/sa/Sa_88.jpg,sa,88,train
../data/raw/Bali/letter/sa/Sa_246.jpg,sa,246,validation
../data/raw/Bali/letter/sa/Sa_85.jpg,sa,85,train
../data/raw/Bali/letter/sa/Sa_91.jpg,sa,91,train
../data/raw/Bali/letter/sa/Sa_46.jpg,sa,46,validation
../data/raw/Bali/letter/sa/Sa_52.jpg,sa,52,train
../data/raw/Bali/letter/sa/Sa_4.jpg,sa,4,test
../data/raw/Bali/letter/sa/Sa_129.jpg,sa,129,train
../data/raw/Bali/letter/sa/Sa_101.jpg,sa,101,train
../data/raw/Bali/letter/sa/Sa_115.jpg,sa,115,train
../data/raw/Bali/letter/sa/Sa_114.jpg,sa,114,train
../data/raw/Bali/letter/sa/Sa_100.jpg,sa,100,train
../data/raw/Bali/letter/sa/Sa_128.jpg,sa,128,train
../data/raw/Bali/letter/sa/Sa_5.jpg,sa,5,test
../data/raw/Bali/letter/sa/Sa_53.jpg,sa,53,test
../data/raw/Bali/letter/sa/Sa_47.jpg,sa,47,train
../data/raw/Bali/letter/sa/Sa_90.jpg,sa,90,train
../data/raw/Bali/letter/sa/Sa_84.jpg,sa,84,test
../data/raw/Bali/letter/sa/Sa_248.jpg,sa,248,train
../data/raw/Bali/letter/sa/Sa_92.jpg,sa,92,train
../data/raw/Bali/letter/sa/Sa_86.jpg,sa,86,train
../data/raw/Bali/letter/sa/Sa_79.jpg,sa,79,train
../data/raw/Bali/letter/sa/Sa_51.jpg,sa,51,train
../data/raw/Bali/letter/sa/Sa_45.jpg,sa,45,validation
../data/raw/Bali/letter/sa/Sa_7.jpg,sa,7,train
../data/raw/Bali/letter/sa/Sa_116.jpg,sa,116,test
../data/raw/Bali/letter/sa/Sa_102.jpg,sa,102,test
../data/raw/Bali/letter/sa/Sa_103.jpg,sa,103,test
../data/raw/Bali/letter/sa/Sa_117.jpg,sa,117,validation
../data/raw/Bali/letter/sa/Sa_6.jpg,sa,6,test
../data/raw/Bali/letter/sa/Sa_44.jpg,sa,44,train
../data/raw/Bali/letter/sa/Sa_50.jpg,sa,50,train
../data/raw/Bali/letter/sa/Sa_78.jpg,sa,78,train
../data/raw/Bali/letter/sa/Sa_87.jpg,sa,87,validation
../data/raw/Bali/letter/sa/Sa_93.jpg,sa,93,test
../data/raw/Bali/letter/sa/Sa_249.jpg,sa,249,train
../data/raw/Bali/letter/sa/Sa_97.jpg,sa,97,train
../data/raw/Bali/letter/sa/Sa_83.jpg,sa,83,train
../data/raw/Bali/letter/sa/Sa_54.jpg,sa,54,train
../data/raw/Bali/letter/sa/Sa_40.jpg,sa,40,train
../data/raw/Bali/letter/sa/Sa_68.jpg,sa,68,train
../data/raw/Bali/letter/sa/Sa_2.jpg,sa,2,train
../data/raw/Bali/letter/sa/Sa_113.jpg,sa,113,test
../data/raw/Bali/letter/sa/Sa_107.jpg,sa,107,test
../data/raw/Bali/letter/sa/Sa_106.jpg,sa,106,train
../data/raw/Bali/letter/sa/Sa_112.jpg,sa,112,train
../data/raw/Bali/letter/sa/Sa_3.jpg,sa,3,test
../data/raw/Bali/letter/sa/Sa_69.jpg,sa,69,validation
../data/raw/Bali/letter/sa/Sa_41.jpg,sa,41,train
../data/raw/Bali/letter/sa/Sa_55.jpg,sa,55,train
../data/raw/Bali/letter/sa/Sa_82.jpg,sa,82,train
../data/raw/Bali/letter/sa/Sa_96.jpg,sa,96,train
../data/raw/Bali/letter/sa/Sa_80.jpg,sa,80,test
../data/raw/Bali/letter/sa/Sa_94.jpg,sa,94,train
../data/raw/Bali/letter/sa/Sa_43.jpg,sa,43,test
../data/raw/Bali/letter/sa/Sa_57.jpg,sa,57,train
../data/raw/Bali/letter/sa/Sa_1.jpg,sa,1,train
../data/raw/Bali/letter/sa/Sa_104.jpg,sa,104,validation
../data/raw/Bali/letter/sa/Sa_110.jpg,sa,110,train
../data/raw/Bali/letter/sa/Sa_138.jpg,sa,138,train
../data/raw/Bali/letter/sa/Sa_139.jpg,sa,139,train
../data/raw/Bali/letter/sa/Sa_111.jpg,sa,111,train
../data/raw/Bali/letter/sa/Sa_105.jpg,sa,105,train
../data/raw/Bali/letter/sa/Sa_56.jpg,sa,56,train
../data/raw/Bali/letter/sa/Sa_42.jpg,sa,42,train
../data/raw/Bali/letter/sa/Sa_95.jpg,sa,95,train
../data/raw/Bali/letter/sa/Sa_81.jpg,sa,81,validation
../data/raw/Bali/letter/sa/Sa_228.jpg,sa,228,validation
../data/raw/Bali/letter/sa/Sa_214.jpg,sa,214,train
../data/raw/Bali/letter/sa/Sa_200.jpg,sa,200,test
../data/raw/Bali/letter/sa/Sa_19.jpg,sa,19,train
../data/raw/Bali/letter/sa/Sa_25.jpg,sa,25,train
../data/raw/Bali/letter/sa/Sa_31.jpg,sa,31,test
../data/raw/Bali/letter/sa/Sa_162.jpg,sa,162,train
../data/raw/Bali/letter/sa/Sa_176.jpg,sa,176,train
../data/raw/Bali/letter/sa/Sa_189.jpg,sa,189,train
../data/raw/Bali/letter/sa/Sa_188.jpg,sa,188,train
../data/raw/Bali/letter/sa/Sa_177.jpg,sa,177,train
../data/raw/Bali/letter/sa/Sa_163.jpg,sa,163,train
../data/raw/Bali/letter/sa/Sa_30.jpg,sa,30,validation
../data/raw/Bali/letter/sa/Sa_24.jpg,sa,24,train
../data/raw/Bali/letter/sa/Sa_18.jpg,sa,18,train
../data/raw/Bali/letter/sa/Sa_201.jpg,sa,201,validation
../data/raw/Bali/letter/sa/Sa_215.jpg,sa,215,validation
../data/raw/Bali/letter/sa/Sa_229.jpg,sa,229,train
../data/raw/Bali/letter/sa/Sa_203.jpg,sa,203,validation
../data/raw/Bali/letter/sa/Sa_217.jpg,sa,217,test
../data/raw/Bali/letter/sa/Sa_32.jpg,sa,32,train
../data/raw/Bali/letter/sa/Sa_26.jpg,sa,26,train
../data/raw/Bali/letter/sa/Sa_149.jpg,sa,149,test
../data/raw/Bali/letter/sa/Sa_175.jpg,sa,175,train
../data/raw/Bali/letter/sa/Sa_161.jpg,sa,161,test
../data/raw/Bali/letter/sa/Sa_160.jpg,sa,160,train
../data/raw/Bali/letter/sa/Sa_174.jpg,sa,174,train
../data/raw/Bali/letter/sa/Sa_148.jpg,sa,148,train
../data/raw/Bali/letter/sa/Sa_27.jpg,sa,27,train
../data/raw/Bali/letter/sa/Sa_33.jpg,sa,33,train
../data/raw/Bali/letter/sa/Sa_216.jpg,sa,216,train
../data/raw/Bali/letter/sa/Sa_202.jpg,sa,202,train
../data/raw/Bali/letter/sa/Sa_206.jpg,sa,206,train
../data/raw/Bali/letter/sa/Sa_212.jpg,sa,212,validation
../data/raw/Bali/letter/sa/Sa_37.jpg,sa,37,train
../data/raw/Bali/letter/sa/Sa_23.jpg,sa,23,train
../data/raw/Bali/letter/sa/Sa_170.jpg,sa,170,train
../data/raw/Bali/letter/sa/Sa_164.jpg,sa,164,train
../data/raw/Bali/letter/sa/Sa_158.jpg,sa,158,train
../data/raw/Bali/letter/sa/Sa_159.jpg,sa,159,validation
../data/raw/Bali/letter/sa/Sa_165.jpg,sa,165,train
../data/raw/Bali/letter/sa/Sa_171.jpg,sa,171,train
../data/raw/Bali/letter/sa/Sa_22.jpg,sa,22,validation
../data/raw/Bali/letter/sa/Sa_36.jpg,sa,36,train
../data/raw/Bali/letter/sa/Sa_213.jpg,sa,213,train
../data/raw/Bali/letter/sa/Sa_207.jpg,sa,207,train
../data/raw/Bali/letter/sa/Sa_211.jpg,sa,211,train
../data/raw/Bali/letter/sa/Sa_205.jpg,sa,205,train
../data/raw/Bali/letter/sa/Sa_239.jpg,sa,239,train
../data/raw/Bali/letter/sa/Sa_20.jpg,sa,20,train
../data/raw/Bali/letter/sa/Sa_34.jpg,sa,34,train
../data/raw/Bali/letter/sa/Sa_167.jpg,sa,167,train
../data/raw/Bali/letter/sa/Sa_173.jpg,sa,173,train
../data/raw/Bali/letter/sa/Sa_198.jpg,sa,198,train
../data/raw/Bali/letter/sa/Sa_199.jpg,sa,199,train
../data/raw/Bali/letter/sa/Sa_172.jpg,sa,172,train
../data/raw/Bali/letter/sa/Sa_166.jpg,sa,166,train
../data/raw/Bali/letter/sa/Sa_35.jpg,sa,35,train
../data/raw/Bali/letter/sa/Sa_21.jpg,sa,21,train
../data/raw/Bali/letter/sa/Sa_238.jpg,sa,238,train
../data/raw/Bali/letter/sa/Sa_204.jpg,sa,204,train
../data/raw/Bali/letter/sa/Sa_210.jpg,sa,210,train
../data/raw/Bali/letter/ta/Ta_244.jpg,ta,244,train
../data/raw/Bali/letter/ta/Ta_78.jpg,ta,78,train
../data/raw/Bali/letter/ta/Ta_250.jpg,ta,250,train
../data/raw/Bali/letter/ta/Ta_44.jpg,ta,44,train
../data/raw/Bali/letter/ta/Ta_50.jpg,ta,50,train
../data/raw/Bali/letter/ta/Ta_87.jpg,ta,87,validation
../data/raw/Bali/letter/ta/Ta_93.jpg,ta,93,test
../data/raw/Bali/letter/ta/Ta_132.jpg,ta,132,train
../data/raw/Bali/letter/ta/Ta_126.jpg,ta,126,validation
../data/raw/Bali/letter/ta/Ta_127.jpg,ta,127,validation
../data/raw/Bali/letter/ta/Ta_133.jpg,ta,133,train
../data/raw/Bali/letter/ta/Ta_92.jpg,ta,92,train
../data/raw/Bali/letter/ta/Ta_86.jpg,ta,86,train
../data/raw/Bali/letter/ta/Ta_51.jpg,ta,51,train
../data/raw/Bali/letter/ta/Ta_45.jpg,ta,45,validation
../data/raw/Bali/letter/ta/Ta_245.jpg,ta,245,train
../data/raw/Bali/letter/ta/Ta_79.jpg,ta,79,train
../data/raw/Bali/letter/ta/Ta_247.jpg,ta,247,train
../data/raw/Bali/letter/ta/Ta_53.jpg,ta,53,test
../data/raw/Bali/letter/ta/Ta_47.jpg,ta,47,train
../data/raw/Bali/letter/ta/Ta_90.jpg,ta,90,train
../data/raw/Bali/letter/ta/Ta_84.jpg,ta,84,test
../data/raw/Bali/letter/ta/Ta_125.jpg,ta,125,test
../data/raw/Bali/letter/ta/Ta_131.jpg,ta,131,train
../data/raw/Bali/letter/ta/Ta_119.jpg,ta,119,validation
../data/raw/Bali/letter/ta/Ta_118.jpg,ta,118,train
../data/raw/Bali/letter/ta/Ta_130.jpg,ta,130,validation
../data/raw/Bali/letter/ta/Ta_124.jpg,ta,124,test
../data/raw/Bali/letter/ta/Ta_85.jpg,ta,85,train
../data/raw/Bali/letter/ta/Ta_91.jpg,ta,91,train
../data/raw/Bali/letter/ta/Ta_46.jpg,ta,46,validation
../data/raw/Bali/letter/ta/Ta_52.jpg,ta,52,train
../data/raw/Bali/letter/ta/Ta_246.jpg,ta,246,validation
../data/raw/Bali/letter/ta/Ta_56.jpg,ta,56,train
../data/raw/Bali/letter/ta/Ta_42.jpg,ta,42,train
../data/raw/Bali/letter/ta/Ta_242.jpg,ta,242,train
../data/raw/Bali/letter/ta/Ta_95.jpg,ta,95,train
../data/raw/Bali/letter/ta/Ta_81.jpg,ta,81,validation
../data/raw/Bali/letter/ta/Ta_108.jpg,ta,108,train
../data/raw/Bali/letter/ta/Ta_120.jpg,ta,120,train
../data/raw/Bali/letter/ta/Ta_134.jpg,ta,134,train
../data/raw/Bali/letter/ta/Ta_135.jpg,ta,135,test
../data/raw/Bali/letter/ta/Ta_121.jpg,ta,121,train
../data/raw/Bali/letter/ta/Ta_109.jpg,ta,109,validation
../data/raw/Bali/letter/ta/Ta_80.jpg,ta,80,test
../data/raw/Bali/letter/ta/Ta_94.jpg,ta,94,train
../data/raw/Bali/letter/ta/Ta_243.jpg,ta,243,train
../data/raw/Bali/letter/ta/Ta_43.jpg,ta,43,test
../data/raw/Bali/letter/ta/Ta_57.jpg,ta,57,train
../data/raw/Bali/letter/ta/Ta_41.jpg,ta,41,train
../data/raw/Bali/letter/ta/Ta_55.jpg,ta,55,train
../data/raw/Bali/letter/ta/Ta_241.jpg,ta,241,train
../data/raw/Bali/letter/ta/Ta_69.jpg,ta,69,validation
../data/raw/Bali/letter/ta/Ta_82.jpg,ta,82,train
../data/raw/Bali/letter/ta/Ta_96.jpg,ta,96,train
../data/raw/Bali/letter/ta/Ta_137.jpg,ta,137,train
../data/raw/Bali/letter/ta/Ta_123.jpg,ta,123,validation
../data/raw/Bali/letter/ta/Ta_122.jpg,ta,122,train
../data/raw/Bali/letter/ta/Ta_136.jpg,ta,136,validation
../data/raw/Bali/letter/ta/Ta_97.jpg,ta,97,train
../data/raw/Bali/letter/ta/Ta_83.jpg,ta,83,train
../data/raw/Bali/letter/ta/Ta_68.jpg,ta,68,train
../data/raw/Bali/letter/ta/Ta_240.jpg,ta,240,validation
../data/raw/Bali/letter/ta/Ta_54.jpg,ta,54,train
../data/raw/Bali/letter/ta/Ta_40.jpg,ta,40,train
../data/raw/Bali/letter/ta/Ta_227.jpg,ta,227,train
../data/raw/Bali/letter/ta/Ta_233.jpg,ta,233,train
../data/raw/Bali/letter/ta/Ta_27.jpg,ta,27,train
../data/raw/Bali/letter/ta/Ta_33.jpg,ta,33,train
../data/raw/Bali/letter/ta/Ta_151.jpg,ta,151,train
../data/raw/Bali/letter/ta/Ta_145.jpg,ta,145,train
../data/raw/Bali/letter/ta/Ta_179.jpg,ta,179,train
../data/raw/Bali/letter/ta/Ta_192.jpg,ta,192,train
../data/raw/Bali/letter/ta/Ta_4.jpg,ta,4,test
../data/raw/Bali/letter/ta/Ta_186.jpg,ta,186,train
../data/raw/Bali/letter/ta/Ta_5.jpg,ta,5,test
../data/raw/Bali/letter/ta/Ta_187.jpg,ta,187,train
../data/raw/Bali/letter/ta/Ta_193.jpg,ta,193,train
../data/raw/Bali/letter/ta/Ta_178.jpg,ta,178,train
../data/raw/Bali/letter/ta/Ta_144.jpg,ta,144,validation
../data/raw/Bali/letter/ta/Ta_150.jpg,ta,150,test
../data/raw/Bali/letter/ta/Ta_32.jpg,ta,32,train
../data/raw/Bali/letter/ta/Ta_26.jpg,ta,26,train
../data/raw/Bali/letter/ta/Ta_232.jpg,ta,232,train
../data/raw/Bali/letter/ta/Ta_226.jpg,ta,226,train
../data/raw/Bali/letter/ta/Ta_230.jpg,ta,230,train
../data/raw/Bali/letter/ta/Ta_224.jpg,ta,224,test
../data/raw/Bali/letter/ta/Ta_18.jpg,ta,18,train
../data/raw/Bali/letter/ta/Ta_30.jpg,ta,30,validation
../data/raw/Bali/letter/ta/Ta_218.jpg,ta,218,test
../data/raw/Bali/letter/ta/Ta_24.jpg,ta,24,train
../data/raw/Bali/letter/ta/Ta_146.jpg,ta,146,train
../data/raw/Bali/letter/ta/Ta_152.jpg,ta,152,test
../data/raw/Bali/letter/ta/Ta_185.jpg,ta,185,train
../data/raw/Bali/letter/ta/Ta_7.jpg,ta,7,train
../data/raw/Bali/letter/ta/Ta_191.jpg,ta,191,train
../data/raw/Bali/letter/ta/Ta_190.jpg,ta,190,train
../data/raw/Bali/letter/ta/Ta_184.jpg,ta,184,train
../data/raw/Bali/letter/ta/Ta_6.jpg,ta,6,test
../data/raw/Bali/letter/ta/Ta_153.jpg,ta,153,validation
../data/raw/Bali/letter/ta/Ta_147.jpg,ta,147,train
../data/raw/Bali/letter/ta/Ta_219.jpg,ta,219,test
../data/raw/Bali/letter/ta/Ta_25.jpg,ta,25,train
../data/raw/Bali/letter/ta/Ta_31.jpg,ta,31,test
../data/raw/Bali/letter/ta/Ta_225.jpg,ta,225,train
../data/raw/Bali/letter/ta/Ta_19.jpg,ta,19,train
../data/raw/Bali/letter/ta/Ta_231.jpg,ta,231,test
../data/raw/Bali/letter/ta/Ta_209.jpg,ta,209,test
../data/raw/Bali/letter/ta/Ta_35.jpg,ta,35,train
../data/raw/Bali/letter/ta/Ta_21.jpg,ta,21,train
../data/raw/Bali/letter/ta/Ta_235.jpg,ta,235,train
../data/raw/Bali/letter/ta/Ta_221.jpg,ta,221,train
../data/raw/Bali/letter/ta/Ta_143.jpg,ta,143,train
../data/raw/Bali/letter/ta/Ta_157.jpg,ta,157,train
../data/raw/Bali/letter/ta/Ta_2.jpg,ta,2,train
../data/raw/Bali/letter/ta/Ta_180.jpg,ta,180,train
../data/raw/Bali/letter/ta/Ta_194.jpg,ta,194,validation
../data/raw/Bali/letter/ta/Ta_195.jpg,ta,195,validation
../data/raw/Bali/letter/ta/Ta_3.jpg,ta,3,test
../data/raw/Bali/letter/ta/Ta_181.jpg,ta,181,validation
../data/raw/Bali/letter/ta/Ta_156.jpg,ta,156,test
../data/raw/Bali/letter/ta/Ta_142.jpg,ta,142,test
../data/raw/Bali/letter/ta/Ta_220.jpg,ta,220,test
../data/raw/Bali/letter/ta/Ta_234.jpg,ta,234,train
../data/raw/Bali/letter/ta/Ta_20.jpg,ta,20,train
../data/raw/Bali/letter/ta/Ta_208.jpg,ta,208,validation
../data/raw/Bali/letter/ta/Ta_34.jpg,ta,34,train
../data/raw/Bali/letter/ta/Ta_22.jpg,ta,22,validation
../data/raw/Bali/letter/ta/Ta_36.jpg,ta,36,train
../data/raw/Bali/letter/ta/Ta_222.jpg,ta,222,train
../data/raw/Bali/letter/ta/Ta_236.jpg,ta,236,train
../data/raw/Bali/letter/ta/Ta_168.jpg,ta,168,validation
../data/raw/Bali/letter/ta/Ta_154.jpg,ta,154,train
../data/raw/Bali/letter/ta/Ta_140.jpg,ta,140,train
../data/raw/Bali/letter/ta/Ta_197.jpg,ta,197,train
../data/raw/Bali/letter/ta/Ta_183.jpg,ta,183,train
../data/raw/Bali/letter/ta/Ta_1.jpg,ta,1,train
../data/raw/Bali/letter/ta/Ta_182.jpg,ta,182,train
../data/raw/Bali/letter/ta/Ta_196.jpg,ta,196,validation
../data/raw/Bali/letter/ta/Ta_141.jpg,ta,141,train
../data/raw/Bali/letter/ta/Ta_155.jpg,ta,155,train
../data/raw/Bali/letter/ta/Ta_169.jpg,ta,169,train
../data/raw/Bali/letter/ta/Ta_237.jpg,ta,237,train
../data/raw/Bali/letter/ta/Ta_223.jpg,ta,223,train
../data/raw/Bali/letter/ta/Ta_37.jpg,ta,37,train
../data/raw/Bali/letter/ta/Ta_23.jpg,ta,23,train
../data/raw/Bali/letter/ta/Ta_206.jpg,ta,206,train
../data/raw/Bali/letter/ta/Ta_212.jpg,ta,212,validation
../data/raw/Bali/letter/ta/Ta_12.jpg,ta,12,train
../data/raw/Bali/letter/ta/Ta_170.jpg,ta,170,train
../data/raw/Bali/letter/ta/Ta_164.jpg,ta,164,train
../data/raw/Bali/letter/ta/Ta_158.jpg,ta,158,train
../data/raw/Bali/letter/ta/Ta_159.jpg,ta,159,validation
../data/raw/Bali/letter/ta/Ta_165.jpg,ta,165,train
../data/raw/Bali/letter/ta/Ta_171.jpg,ta,171,train
../data/raw/Bali/letter/ta/Ta_13.jpg,ta,13,validation
../data/raw/Bali/letter/ta/Ta_213.jpg,ta,213,train
../data/raw/Bali/letter/ta/Ta_207.jpg,ta,207,train
../data/raw/Bali/letter/ta/Ta_211.jpg,ta,211,train
../data/raw/Bali/letter/ta/Ta_205.jpg,ta,205,train
../data/raw/Bali/letter/ta/Ta_39.jpg,ta,39,test
../data/raw/Bali/letter/ta/Ta_11.jpg,ta,11,test
../data/raw/Bali/letter/ta/Ta_239.jpg,ta,239,train
../data/raw/Bali/letter/ta/Ta_167.jpg,ta,167,train
../data/raw/Bali/letter/ta/Ta_173.jpg,ta,173,train
../data/raw/Bali/letter/ta/Ta_198.jpg,ta,198,train
../data/raw/Bali/letter/ta/Ta_199.jpg,ta,199,train
../data/raw/Bali/letter/ta/Ta_172.jpg,ta,172,train
../data/raw/Bali/letter/ta/Ta_166.jpg,ta,166,train
../data/raw/Bali/letter/ta/Ta_238.jpg,ta,238,train
../data/raw/Bali/letter/ta/Ta_10.jpg,ta,10,validation
../data/raw/Bali/letter/ta/Ta_204.jpg,ta,204,train
../data/raw/Bali/letter/ta/Ta_38.jpg,ta,38,train
../data/raw/Bali/letter/ta/Ta_210.jpg,ta,210,train
../data/raw/Bali/letter/ta/Ta_228.jpg,ta,228,validation
../data/raw/Bali/letter/ta/Ta_14.jpg,ta,14,train
../data/raw/Bali/letter/ta/Ta_214.jpg,ta,214,train
../data/raw/Bali/letter/ta/Ta_28.jpg,ta,28,validation
../data/raw/Bali/letter/ta/Ta_200.jpg,ta,200,test
../data/raw/Bali/letter/ta/Ta_162.jpg,ta,162,train
../data/raw/Bali/letter/ta/Ta_176.jpg,ta,176,train
../data/raw/Bali/letter/ta/Ta_189.jpg,ta,189,train
../data/raw/Bali/letter/ta/Ta_188.jpg,ta,188,train
../data/raw/Bali/letter/ta/Ta_177.jpg,ta,177,train
../data/raw/Bali/letter/ta/Ta_163.jpg,ta,163,train
../data/raw/Bali/letter/ta/Ta_201.jpg,ta,201,validation
../data/raw/Bali/letter/ta/Ta_215.jpg,ta,215,validation
../data/raw/Bali/letter/ta/Ta_29.jpg,ta,29,train
../data/raw/Bali/letter/ta/Ta_229.jpg,ta,229,train
../data/raw/Bali/letter/ta/Ta_15.jpg,ta,15,train
../data/raw/Bali/letter/ta/Ta_17.jpg,ta,17,train
../data/raw/Bali/letter/ta/Ta_203.jpg,ta,203,validation
../data/raw/Bali/letter/ta/Ta_217.jpg,ta,217,test
../data/raw/Bali/letter/ta/Ta_149.jpg,ta,149,test
../data/raw/Bali/letter/ta/Ta_175.jpg,ta,175,train
../data/raw/Bali/letter/ta/Ta_161.jpg,ta,161,test
../data/raw/Bali/letter/ta/Ta_8.jpg,ta,8,train
../data/raw/Bali/letter/ta/Ta_9.jpg,ta,9,train
../data/raw/Bali/letter/ta/Ta_160.jpg,ta,160,train
../data/raw/Bali/letter/ta/Ta_174.jpg,ta,174,train
../data/raw/Bali/letter/ta/Ta_148.jpg,ta,148,train
../data/raw/Bali/letter/ta/Ta_216.jpg,ta,216,train
../data/raw/Bali/letter/ta/Ta_202.jpg,ta,202,train
../data/raw/Bali/letter/ta/Ta_16.jpg,ta,16,test
../data/raw/Bali/letter/ta/Ta_59.jpg,ta,59,train
../data/raw/Bali/letter/ta/Ta_65.jpg,ta,65,train
../data/raw/Bali/letter/ta/Ta_71.jpg,ta,71,train
../data/raw/Bali/letter/ta/Ta_113.jpg,ta,113,test
../data/raw/Bali/letter/ta/Ta_107.jpg,ta,107,test
../data/raw/Bali/letter/ta/Ta_106.jpg,ta,106,train
../data/raw/Bali/letter/ta/Ta_112.jpg,ta,112,train
../data/raw/Bali/letter/ta/Ta_70.jpg,ta,70,train
../data/raw/Bali/letter/ta/Ta_64.jpg,ta,64,train
../data/raw/Bali/letter/ta/Ta_58.jpg,ta,58,train
../data/raw/Bali/letter/ta/Ta_72.jpg,ta,72,train
../data/raw/Bali/letter/ta/Ta_66.jpg,ta,66,train
../data/raw/Bali/letter/ta/Ta_99.jpg,ta,99,train
../data/raw/Bali/letter/ta/Ta_104.jpg,ta,104,validation
../data/raw/Bali/letter/ta/Ta_110.jpg,ta,110,train
../data/raw/Bali/letter/ta/Ta_138.jpg,ta,138,train
../data/raw/Bali/letter/ta/Ta_139.jpg,ta,139,train
../data/raw/Bali/letter/ta/Ta_111.jpg,ta,111,train
../data/raw/Bali/letter/ta/Ta_105.jpg,ta,105,train
../data/raw/Bali/letter/ta/Ta_98.jpg,ta,98,train
../data/raw/Bali/letter/ta/Ta_67.jpg,ta,67,train
../data/raw/Bali/letter/ta/Ta_73.jpg,ta,73,train
../data/raw/Bali/letter/ta/Ta_77.jpg,ta,77,train
../data/raw/Bali/letter/ta/Ta_63.jpg,ta,63,train
../data/raw/Bali/letter/ta/Ta_88.jpg,ta,88,train
../data/raw/Bali/letter/ta/Ta_129.jpg,ta,129,train
../data/raw/Bali/letter/ta/Ta_101.jpg,ta,101,train
../data/raw/Bali/letter/ta/Ta_115.jpg,ta,115,train
../data/raw/Bali/letter/ta/Ta_114.jpg,ta,114,train
../data/raw/Bali/letter/ta/Ta_100.jpg,ta,100,train
../data/raw/Bali/letter/ta/Ta_128.jpg,ta,128,train
../data/raw/Bali/letter/ta/Ta_89.jpg,ta,89,validation
../data/raw/Bali/letter/ta/Ta_62.jpg,ta,62,validation
../data/raw/Bali/letter/ta/Ta_76.jpg,ta,76,validation
../data/raw/Bali/letter/ta/Ta_60.jpg,ta,60,train
../data/raw/Bali/letter/ta/Ta_248.jpg,ta,248,train
../data/raw/Bali/letter/ta/Ta_74.jpg,ta,74,train
../data/raw/Bali/letter/ta/Ta_48.jpg,ta,48,test
../data/raw/Bali/letter/ta/Ta_116.jpg,ta,116,test
../data/raw/Bali/letter/ta/Ta_102.jpg,ta,102,test
../data/raw/Bali/letter/ta/Ta_103.jpg,ta,103,test
../data/raw/Bali/letter/ta/Ta_117.jpg,ta,117,validation
../data/raw/Bali/letter/ta/Ta_49.jpg,ta,49,train
../data/raw/Bali/letter/ta/Ta_249.jpg,ta,249,train
../data/raw/Bali/letter/ta/Ta_75.jpg,ta,75,test
../data/raw/Bali/letter/ta/Ta_61.jpg,ta,61,test
../data/raw/Bali/letter/wa/Wa_203.jpg,wa,203,validation
../data/raw/Bali/letter/wa/Wa_217.jpg,wa,217,test
../data/raw/Bali/letter/wa/Wa_149.jpg,wa,149,test
../data/raw/Bali/letter/wa/Wa_175.jpg,wa,175,train
../data/raw/Bali/letter/wa/Wa_161.jpg,wa,161,test
../data/raw/Bali/letter/wa/Wa_18.jpg,wa,18,train
../data/raw/Bali/letter/wa/Wa_30.jpg,wa,30,validation
../data/raw/Bali/letter/wa/Wa_24.jpg,wa,24,train
../data/raw/Bali/letter/wa/Wa_25.jpg,wa,25,train
../data/raw/Bali/letter/wa/Wa_31.jpg,wa,31,test
../data/raw/Bali/letter/wa/Wa_19.jpg,wa,19,train
../data/raw/Bali/letter/wa/Wa_160.jpg,wa,160,train
../data/raw/Bali/letter/wa/Wa_174.jpg,wa,174,train
../data/raw/Bali/letter/wa/Wa_148.jpg,wa,148,train
../data/raw/Bali/letter/wa/Wa_216.jpg,wa,216,train
../data/raw/Bali/letter/wa/Wa_202.jpg,wa,202,train
../data/raw/Bali/letter/wa/Wa_228.jpg,wa,228,validation
../data/raw/Bali/letter/wa/Wa_214.jpg,wa,214,train
../data/raw/Bali/letter/wa/Wa_200.jpg,wa,200,test
../data/raw/Bali/letter/wa/Wa_189.jpg,wa,189,train
../data/raw/Bali/letter/wa/Wa_162.jpg,wa,162,train
../data/raw/Bali/letter/wa/Wa_176.jpg,wa,176,train
../data/raw/Bali/letter/wa/Wa_9.jpg,wa,9,train
../data/raw/Bali/letter/wa/Wa_27.jpg,wa,27,train
../data/raw/Bali/letter/wa/Wa_33.jpg,wa,33,train
../data/raw/Bali/letter/wa/Wa_32.jpg,wa,32,train
../data/raw/Bali/letter/wa/Wa_26.jpg,wa,26,train
../data/raw/Bali/letter/wa/Wa_8.jpg,wa,8,train
../data/raw/Bali/letter/wa/Wa_177.jpg,wa,177,train
../data/raw/Bali/letter/wa/Wa_163.jpg,wa,163,train
../data/raw/Bali/letter/wa/Wa_188.jpg,wa,188,train
../data/raw/Bali/letter/wa/Wa_201.jpg,wa,201,validation
../data/raw/Bali/letter/wa/Wa_215.jpg,wa,215,validation
../data/raw/Bali/letter/wa/Wa_229.jpg,wa,229,train
../data/raw/Bali/letter/wa/Wa_211.jpg,wa,211,train
../data/raw/Bali/letter/wa/Wa_205.jpg,wa,205,train
../data/raw/Bali/letter/wa/Wa_239.jpg,wa,239,train
../data/raw/Bali/letter/wa/Wa_198.jpg,wa,198,train
../data/raw/Bali/letter/wa/Wa_167.jpg,wa,167,train
../data/raw/Bali/letter/wa/Wa_173.jpg,wa,173,train
../data/raw/Bali/letter/wa/Wa_22.jpg,wa,22,validation
../data/raw/Bali/letter/wa/Wa_36.jpg,wa,36,train
../data/raw/Bali/letter/wa/Wa_37.jpg,wa,37,train
../data/raw/Bali/letter/wa/Wa_23.jpg,wa,23,train
../data/raw/Bali/letter/wa/Wa_172.jpg,wa,172,train
../data/raw/Bali/letter/wa/Wa_166.jpg,wa,166,train
../data/raw/Bali/letter/wa/Wa_199.jpg,wa,199,train
../data/raw/Bali/letter/wa/Wa_238.jpg,wa,238,train
../data/raw/Bali/letter/wa/Wa_204.jpg,wa,204,train
../data/raw/Bali/letter/wa/Wa_210.jpg,wa,210,train
../data/raw/Bali/letter/wa/Wa_206.jpg,wa,206,train
../data/raw/Bali/letter/wa/Wa_212.jpg,wa,212,validation
../data/raw/Bali/letter/wa/Wa_170.jpg,wa,170,train
../data/raw/Bali/letter/wa/Wa_164.jpg,wa,164,train
../data/raw/Bali/letter/wa/Wa_158.jpg,wa,158,train
../data/raw/Bali/letter/wa/Wa_35.jpg,wa,35,train
../data/raw/Bali/letter/wa/Wa_21.jpg,wa,21,train
../data/raw/Bali/letter/wa/Wa_20.jpg,wa,20,train
../data/raw/Bali/letter/wa/Wa_34.jpg,wa,34,train
../data/raw/Bali/letter/wa/Wa_159.jpg,wa,159,validation
../data/raw/Bali/letter/wa/Wa_165.jpg,wa,165,train
../data/raw/Bali/letter/wa/Wa_171.jpg,wa,171,train
../data/raw/Bali/letter/wa/Wa_213.jpg,wa,213,train
../data/raw/Bali/letter/wa/Wa_207.jpg,wa,207,train
../data/raw/Bali/letter/wa/Wa_248.jpg,wa,248,train
../data/raw/Bali/letter/wa/Wa_116.jpg,wa,116,test
../data/raw/Bali/letter/wa/Wa_102.jpg,wa,102,test
../data/raw/Bali/letter/wa/Wa_90.jpg,wa,90,train
../data/raw/Bali/letter/wa/Wa_84.jpg,wa,84,test
../data/raw/Bali/letter/wa/Wa_53.jpg,wa,53,test
../data/raw/Bali/letter/wa/Wa_47.jpg,wa,47,train
../data/raw/Bali/letter/wa/Wa_46.jpg,wa,46,validation
../data/raw/Bali/letter/wa/Wa_52.jpg,wa,52,train
../data/raw/Bali/letter/wa/Wa_85.jpg,wa,85,train
../data/raw/Bali/letter/wa/Wa_91.jpg,wa,91,train
../data/raw/Bali/letter/wa/Wa_103.jpg,wa,103,test
../data/raw/Bali/letter/wa/Wa_117.jpg,wa,117,validation
../data/raw/Bali/letter/wa/Wa_249.jpg,wa,249,train
../data/raw/Bali/letter/wa/Wa_129.jpg,wa,129,train
../data/raw/Bali/letter/wa/Wa_101.jpg,wa,101,train
../data/raw/Bali/letter/wa/Wa_115.jpg,wa,115,train
../data/raw/Bali/letter/wa/Wa_87.jpg,wa,87,validation
../data/raw/Bali/letter/wa/Wa_93.jpg,wa,93,test
../data/raw/Bali/letter/wa/Wa_78.jpg,wa,78,train
../data/raw/Bali/letter/wa/Wa_44.jpg,wa,44,train
../data/raw/Bali/letter/wa/Wa_50.jpg,wa,50,train
../data/raw/Bali/letter/wa/Wa_51.jpg,wa,51,train
../data/raw/Bali/letter/wa/Wa_45.jpg,wa,45,validation
../data/raw/Bali/letter/wa/Wa_79.jpg,wa,79,train
../data/raw/Bali/letter/wa/Wa_92.jpg,wa,92,train
../data/raw/Bali/letter/wa/Wa_86.jpg,wa,86,train
../data/raw/Bali/letter/wa/Wa_114.jpg,wa,114,train
../data/raw/Bali/letter/wa/Wa_100.jpg,wa,100,train
../data/raw/Bali/letter/wa/Wa_128.jpg,wa,128,train
../data/raw/Bali/letter/wa/Wa_104.jpg,wa,104,validation
../data/raw/Bali/letter/wa/Wa_110.jpg,wa,110,train
../data/raw/Bali/letter/wa/Wa_138.jpg,wa,138,train
../data/raw/Bali/letter/wa/Wa_82.jpg,wa,82,train
../data/raw/Bali/letter/wa/Wa_96.jpg,wa,96,train
../data/raw/Bali/letter/wa/Wa_41.jpg,wa,41,train
../data/raw/Bali/letter/wa/Wa_55.jpg,wa,55,train
../data/raw/Bali/letter/wa/Wa_69.jpg,wa,69,validation
../data/raw/Bali/letter/wa/Wa_68.jpg,wa,68,train
../data/raw/Bali/letter/wa/Wa_54.jpg,wa,54,train
../data/raw/Bali/letter/wa/Wa_40.jpg,wa,40,train
../data/raw/Bali/letter/wa/Wa_97.jpg,wa,97,train
../data/raw/Bali/letter/wa/Wa_83.jpg,wa,83,train
../data/raw/Bali/letter/wa/Wa_139.jpg,wa,139,train
../data/raw/Bali/letter/wa/Wa_111.jpg,wa,111,train
../data/raw/Bali/letter/wa/Wa_105.jpg,wa,105,train
../data/raw/Bali/letter/wa/Wa_113.jpg,wa,113,test
../data/raw/Bali/letter/wa/Wa_107.jpg,wa,107,test
../data/raw/Bali/letter/wa/Wa_95.jpg,wa,95,train
../data/raw/Bali/letter/wa/Wa_81.jpg,wa,81,validation
../data/raw/Bali/letter/wa/Wa_56.jpg,wa,56,train
../data/raw/Bali/letter/wa/Wa_42.jpg,wa,42,train
../data/raw/Bali/letter/wa/Wa_43.jpg,wa,43,test
../data/raw/Bali/letter/wa/Wa_57.jpg,wa,57,train
../data/raw/Bali/letter/wa/Wa_80.jpg,wa,80,test
../data/raw/Bali/letter/wa/Wa_94.jpg,wa,94,train
../data/raw/Bali/letter/wa/Wa_106.jpg,wa,106,train
../data/raw/Bali/letter/wa/Wa_112.jpg,wa,112,train
../data/raw/Bali/letter/wa/Wa_241.jpg,wa,241,train
../data/raw/Bali/letter/wa/Wa_137.jpg,wa,137,train
../data/raw/Bali/letter/wa/Wa_123.jpg,wa,123,validation
../data/raw/Bali/letter/wa/Wa_99.jpg,wa,99,train
../data/raw/Bali/letter/wa/Wa_72.jpg,wa,72,train
../data/raw/Bali/letter/wa/Wa_66.jpg,wa,66,train
../data/raw/Bali/letter/wa/Wa_67.jpg,wa,67,train
../data/raw/Bali/letter/wa/Wa_73.jpg,wa,73,train
../data/raw/Bali/letter/wa/Wa_98.jpg,wa,98,train
../data/raw/Bali/letter/wa/Wa_122.jpg,wa,122,train
../data/raw/Bali/letter/wa/Wa_136.jpg,wa,136,validation
../data/raw/Bali/letter/wa/Wa_240.jpg,wa,240,validation
../data/raw/Bali/letter/wa/Wa_242.jpg,wa,242,train
../data/raw/Bali/letter/wa/Wa_108.jpg,wa,108,train
../data/raw/Bali/letter/wa/Wa_120.jpg,wa,120,train
../data/raw/Bali/letter/wa/Wa_134.jpg,wa,134,train
../data/raw/Bali/letter/wa/Wa_59.jpg,wa,59,train
../data/raw/Bali/letter/wa/Wa_65.jpg,wa,65,train
../data/raw/Bali/letter/wa/Wa_71.jpg,wa,71,train
../data/raw/Bali/letter/wa/Wa_70.jpg,wa,70,train
../data/raw/Bali/letter/wa/Wa_64.jpg,wa,64,train
../data/raw/Bali/letter/wa/Wa_58.jpg,wa,58,train
../data/raw/Bali/letter/wa/Wa_135.jpg,wa,135,test
../data/raw/Bali/letter/wa/Wa_121.jpg,wa,121,train
../data/raw/Bali/letter/wa/Wa_109.jpg,wa,109,validation
../data/raw/Bali/letter/wa/Wa_243.jpg,wa,243,train
../data/raw/Bali/letter/wa/Wa_247.jpg,wa,247,train
../data/raw/Bali/letter/wa/Wa_125.jpg,wa,125,test
../data/raw/Bali/letter/wa/Wa_131.jpg,wa,131,train
../data/raw/Bali/letter/wa/Wa_119.jpg,wa,119,validation
../data/raw/Bali/letter/wa/Wa_60.jpg,wa,60,train
../data/raw/Bali/letter/wa/Wa_74.jpg,wa,74,train
../data/raw/Bali/letter/wa/Wa_48.jpg,wa,48,test
../data/raw/Bali/letter/wa/Wa_49.jpg,wa,49,train
../data/raw/Bali/letter/wa/Wa_75.jpg,wa,75,test
../data/raw/Bali/letter/wa/Wa_61.jpg,wa,61,test
../data/raw/Bali/letter/wa/Wa_118.jpg,wa,118,train
../data/raw/Bali/letter/wa/Wa_130.jpg,wa,130,validation
../data/raw/Bali/letter/wa/Wa_124.jpg,wa,124,test
../data/raw/Bali/letter/wa/Wa_246.jpg,wa,246,validation
../data/raw/Bali/letter/wa/Wa_244.jpg,wa,244,train
../data/raw/Bali/letter/wa/Wa_132.jpg,wa,132,train
../data/raw/Bali/letter/wa/Wa_126.jpg,wa,126,validation
../data/raw/Bali/letter/wa/Wa_88.jpg,wa,88,train
../data/raw/Bali/letter/wa/Wa_77.jpg,wa,77,train
../data/raw/Bali/letter/wa/Wa_63.jpg,wa,63,train
../data/raw/Bali/letter/wa/Wa_62.jpg,wa,62,validation
../data/raw/Bali/letter/wa/Wa_76.jpg,wa,76,validation
../data/raw/Bali/letter/wa/Wa_89.jpg,wa,89,validation
../data/raw/Bali/letter/wa/Wa_127.jpg,wa,127,validation
../data/raw/Bali/letter/wa/Wa_133.jpg,wa,133,train
../data/raw/Bali/letter/wa/Wa_245.jpg,wa,245,train
../data/raw/Bali/letter/wa/Wa_222.jpg,wa,222,train
../data/raw/Bali/letter/wa/Wa_236.jpg,wa,236,train
../data/raw/Bali/letter/wa/Wa_197.jpg,wa,197,train
../data/raw/Bali/letter/wa/Wa_183.jpg,wa,183,train
../data/raw/Bali/letter/wa/Wa_168.jpg,wa,168,validation
../data/raw/Bali/letter/wa/Wa_154.jpg,wa,154,train
../data/raw/Bali/letter/wa/Wa_140.jpg,wa,140,train
../data/raw/Bali/letter/wa/Wa_39.jpg,wa,39,test
../data/raw/Bali/letter/wa/Wa_3.jpg,wa,3,test
../data/raw/Bali/letter/wa/Wa_11.jpg,wa,11,test
../data/raw/Bali/letter/wa/Wa_2.jpg,wa,2,train
../data/raw/Bali/letter/wa/Wa_10.jpg,wa,10,validation
../data/raw/Bali/letter/wa/Wa_38.jpg,wa,38,train
../data/raw/Bali/letter/wa/Wa_141.jpg,wa,141,train
../data/raw/Bali/letter/wa/Wa_155.jpg,wa,155,train
../data/raw/Bali/letter/wa/Wa_169.jpg,wa,169,train
../data/raw/Bali/letter/wa/Wa_182.jpg,wa,182,train
../data/raw/Bali/letter/wa/Wa_196.jpg,wa,196,validation
../data/raw/Bali/letter/wa/Wa_237.jpg,wa,237,train
../data/raw/Bali/letter/wa/Wa_223.jpg,wa,223,train
../data/raw/Bali/letter/wa/Wa_209.jpg,wa,209,test
../data/raw/Bali/letter/wa/Wa_235.jpg,wa,235,train
../data/raw/Bali/letter/wa/Wa_221.jpg,wa,221,train
../data/raw/Bali/letter/wa/Wa_180.jpg,wa,180,train
../data/raw/Bali/letter/wa/Wa_194.jpg,wa,194,validation
../data/raw/Bali/letter/wa/Wa_143.jpg,wa,143,train
../data/raw/Bali/letter/wa/Wa_157.jpg,wa,157,train
../data/raw/Bali/letter/wa/Wa_12.jpg,wa,12,train
../data/raw/Bali/letter/wa/Wa_13.jpg,wa,13,validation
../data/raw/Bali/letter/wa/Wa_1.jpg,wa,1,train
../data/raw/Bali/letter/wa/Wa_156.jpg,wa,156,test
../data/raw/Bali/letter/wa/Wa_142.jpg,wa,142,test
../data/raw/Bali/letter/wa/Wa_195.jpg,wa,195,validation
../data/raw/Bali/letter/wa/Wa_181.jpg,wa,181,validation
../data/raw/Bali/letter/wa/Wa_220.jpg,wa,220,test
../data/raw/Bali/letter/wa/Wa_234.jpg,wa,234,train
../data/raw/Bali/letter/wa/Wa_208.jpg,wa,208,validation
../data/raw/Bali/letter/wa/Wa_230.jpg,wa,230,train
../data/raw/Bali/letter/wa/Wa_224.jpg,wa,224,test
../data/raw/Bali/letter/wa/Wa_218.jpg,wa,218,test
../data/raw/Bali/letter/wa/Wa_185.jpg,wa,185,train
../data/raw/Bali/letter/wa/Wa_191.jpg,wa,191,train
../data/raw/Bali/letter/wa/Wa_146.jpg,wa,146,train
../data/raw/Bali/letter/wa/Wa_152.jpg,wa,152,test
../data/raw/Bali/letter/wa/Wa_5.jpg,wa,5,test
../data/raw/Bali/letter/wa/Wa_17.jpg,wa,17,train
../data/raw/Bali/letter/wa/Wa_4.jpg,wa,4,test
../data/raw/Bali/letter/wa/Wa_16.jpg,wa,16,test
../data/raw/Bali/letter/wa/Wa_153.jpg,wa,153,validation
../data/raw/Bali/letter/wa/Wa_147.jpg,wa,147,train
../data/raw/Bali/letter/wa/Wa_190.jpg,wa,190,train
../data/raw/Bali/letter/wa/Wa_184.jpg,wa,184,train
../data/raw/Bali/letter/wa/Wa_219.jpg,wa,219,test
../data/raw/Bali/letter/wa/Wa_225.jpg,wa,225,train
../data/raw/Bali/letter/wa/Wa_231.jpg,wa,231,test
../data/raw/Bali/letter/wa/Wa_227.jpg,wa,227,train
../data/raw/Bali/letter/wa/Wa_233.jpg,wa,233,train
../data/raw/Bali/letter/wa/Wa_192.jpg,wa,192,train
../data/raw/Bali/letter/wa/Wa_186.jpg,wa,186,train
../data/raw/Bali/letter/wa/Wa_151.jpg,wa,151,train
../data/raw/Bali/letter/wa/Wa_145.jpg,wa,145,train
../data/raw/Bali/letter/wa/Wa_179.jpg,wa,179,train
../data/raw/Bali/letter/wa/Wa_14.jpg,wa,14,train
../data/raw/Bali/letter/wa/Wa_6.jpg,wa,6,test
../data/raw/Bali/letter/wa/Wa_28.jpg,wa,28,validation
../data/raw/Bali/letter/wa/Wa_29.jpg,wa,29,train
../data/raw/Bali/letter/wa/Wa_15.jpg,wa,15,train
../data/raw/Bali/letter/wa/Wa_7.jpg,wa,7,train
../data/raw/Bali/letter/wa/Wa_178.jpg,wa,178,train
../data/raw/Bali/letter/wa/Wa_144.jpg,wa,144,validation
../data/raw/Bali/letter/wa/Wa_150.jpg,wa,150,test
../data/raw/Bali/letter/wa/Wa_187.jpg,wa,187,train
../data/raw/Bali/letter/wa/Wa_193.jpg,wa,193,train
../data/raw/Bali/letter/wa/Wa_232.jpg,wa,232,train
../data/raw/Bali/letter/wa/Wa_226.jpg,wa,226,train
../data/raw/Bali/letter/ya/Ya_73.jpg,ya,73,train
../data/raw/Bali/letter/ya/Ya_197.jpg,ya,197,train
../data/raw/Bali/letter/ya/Ya_183.jpg,ya,183,train
../data/raw/Bali/letter/ya/Ya_67.jpg,ya,67,train
../data/raw/Bali/letter/ya/Ya_168.jpg,ya,168,validation
../data/raw/Bali/letter/ya/Ya_98.jpg,ya,98,train
../data/raw/Bali/letter/ya/Ya_154.jpg,ya,154,train
../data/raw/Bali/letter/ya/Ya_140.jpg,ya,140,train
../data/raw/Bali/letter/ya/Ya_222.jpg,ya,222,train
../data/raw/Bali/letter/ya/Ya_236.jpg,ya,236,train
../data/raw/Bali/letter/ya/Ya_237.jpg,ya,237,train
../data/raw/Bali/letter/ya/Ya_223.jpg,ya,223,train
../data/raw/Bali/letter/ya/Ya_141.jpg,ya,141,train
../data/raw/Bali/letter/ya/Ya_155.jpg,ya,155,train
../data/raw/Bali/letter/ya/Ya_99.jpg,ya,99,train
../data/raw/Bali/letter/ya/Ya_169.jpg,ya,169,train
../data/raw/Bali/letter/ya/Ya_182.jpg,ya,182,train
../data/raw/Bali/letter/ya/Ya_66.jpg,ya,66,train
../data/raw/Bali/letter/ya/Ya_72.jpg,ya,72,train
../data/raw/Bali/letter/ya/Ya_196.jpg,ya,196,validation
../data/raw/Bali/letter/ya/Ya_58.jpg,ya,58,train
../data/raw/Bali/letter/ya/Ya_64.jpg,ya,64,train
../data/raw/Bali/letter/ya/Ya_180.jpg,ya,180,train
../data/raw/Bali/letter/ya/Ya_194.jpg,ya,194,validation
../data/raw/Bali/letter/ya/Ya_70.jpg,ya,70,train
../data/raw/Bali/letter/ya/Ya_143.jpg,ya,143,train
../data/raw/Bali/letter/ya/Ya_157.jpg,ya,157,train
../data/raw/Bali/letter/ya/Ya_209.jpg,ya,209,test
../data/raw/Bali/letter/ya/Ya_235.jpg,ya,235,train
../data/raw/Bali/letter/ya/Ya_221.jpg,ya,221,train
../data/raw/Bali/letter/ya/Ya_220.jpg,ya,220,test
../data/raw/Bali/letter/ya/Ya_234.jpg,ya,234,train
../data/raw/Bali/letter/ya/Ya_208.jpg,ya,208,validation
../data/raw/Bali/letter/ya/Ya_156.jpg,ya,156,test
../data/raw/Bali/letter/ya/Ya_142.jpg,ya,142,test
../data/raw/Bali/letter/ya/Ya_195.jpg,ya,195,validation
../data/raw/Bali/letter/ya/Ya_71.jpg,ya,71,train
../data/raw/Bali/letter/ya/Ya_65.jpg,ya,65,train
../data/raw/Bali/letter/ya/Ya_181.jpg,ya,181,validation
../data/raw/Bali/letter/ya/Ya_59.jpg,ya,59,train
../data/raw/Bali/letter/ya/Ya_185.jpg,ya,185,train
../data/raw/Bali/letter/ya/Ya_61.jpg,ya,61,test
../data/raw/Bali/letter/ya/Ya_75.jpg,ya,75,test
../data/raw/Bali/letter/ya/Ya_191.jpg,ya,191,train
../data/raw/Bali/letter/ya/Ya_49.jpg,ya,49,train
../data/raw/Bali/letter/ya/Ya_146.jpg,ya,146,train
../data/raw/Bali/letter/ya/Ya_152.jpg,ya,152,test
../data/raw/Bali/letter/ya/Ya_230.jpg,ya,230,train
../data/raw/Bali/letter/ya/Ya_224.jpg,ya,224,test
../data/raw/Bali/letter/ya/Ya_218.jpg,ya,218,test
../data/raw/Bali/letter/ya/Ya_9.jpg,ya,9,train
../data/raw/Bali/letter/ya/Ya_8.jpg,ya,8,train
../data/raw/Bali/letter/ya/Ya_219.jpg,ya,219,test
../data/raw/Bali/letter/ya/Ya_225.jpg,ya,225,train
../data/raw/Bali/letter/ya/Ya_231.jpg,ya,231,test
../data/raw/Bali/letter/ya/Ya_153.jpg,ya,153,validation
../data/raw/Bali/letter/ya/Ya_147.jpg,ya,147,train
../data/raw/Bali/letter/ya/Ya_48.jpg,ya,48,test
../data/raw/Bali/letter/ya/Ya_74.jpg,ya,74,train
../data/raw/Bali/letter/ya/Ya_190.jpg,ya,190,train
../data/raw/Bali/letter/ya/Ya_184.jpg,ya,184,train
../data/raw/Bali/letter/ya/Ya_60.jpg,ya,60,train
../data/raw/Bali/letter/ya/Ya_192.jpg,ya,192,train
../data/raw/Bali/letter/ya/Ya_76.jpg,ya,76,validation
../data/raw/Bali/letter/ya/Ya_62.jpg,ya,62,validation
../data/raw/Bali/letter/ya/Ya_186.jpg,ya,186,train
../data/raw/Bali/letter/ya/Ya_151.jpg,ya,151,train
../data/raw/Bali/letter/ya/Ya_145.jpg,ya,145,train
../data/raw/Bali/letter/ya/Ya_89.jpg,ya,89,validation
../data/raw/Bali/letter/ya/Ya_179.jpg,ya,179,train
../data/raw/Bali/letter/ya/Ya_227.jpg,ya,227,train
../data/raw/Bali/letter/ya/Ya_233.jpg,ya,233,train
../data/raw/Bali/letter/ya/Ya_232.jpg,ya,232,train
../data/raw/Bali/letter/ya/Ya_226.jpg,ya,226,train
../data/raw/Bali/letter/ya/Ya_178.jpg,ya,178,train
../data/raw/Bali/letter/ya/Ya_88.jpg,ya,88,train
../data/raw/Bali/letter/ya/Ya_144.jpg,ya,144,validation
../data/raw/Bali/letter/ya/Ya_150.jpg,ya,150,test
../data/raw/Bali/letter/ya/Ya_63.jpg,ya,63,train
../data/raw/Bali/letter/ya/Ya_187.jpg,ya,187,train
../data/raw/Bali/letter/ya/Ya_193.jpg,ya,193,train
../data/raw/Bali/letter/ya/Ya_77.jpg,ya,77,train
../data/raw/Bali/letter/ya/Ya_38.jpg,ya,38,train
../data/raw/Bali/letter/ya/Ya_10.jpg,ya,10,validation
../data/raw/Bali/letter/ya/Ya_137.jpg,ya,137,train
../data/raw/Bali/letter/ya/Ya_123.jpg,ya,123,validation
../data/raw/Bali/letter/ya/Ya_241.jpg,ya,241,train
../data/raw/Bali/letter/ya/Ya_240.jpg,ya,240,validation
../data/raw/Bali/letter/ya/Ya_122.jpg,ya,122,train
../data/raw/Bali/letter/ya/Ya_136.jpg,ya,136,validation
../data/raw/Bali/letter/ya/Ya_11.jpg,ya,11,test
../data/raw/Bali/letter/ya/Ya_39.jpg,ya,39,test
../data/raw/Bali/letter/ya/Ya_13.jpg,ya,13,validation
../data/raw/Bali/letter/ya/Ya_108.jpg,ya,108,train
../data/raw/Bali/letter/ya/Ya_120.jpg,ya,120,train
../data/raw/Bali/letter/ya/Ya_134.jpg,ya,134,train
../data/raw/Bali/letter/ya/Ya_242.jpg,ya,242,train
../data/raw/Bali/letter/ya/Ya_243.jpg,ya,243,train
../data/raw/Bali/letter/ya/Ya_135.jpg,ya,135,test
../data/raw/Bali/letter/ya/Ya_121.jpg,ya,121,train
../data/raw/Bali/letter/ya/Ya_109.jpg,ya,109,validation
../data/raw/Bali/letter/ya/Ya_12.jpg,ya,12,train
../data/raw/Bali/letter/ya/Ya_16.jpg,ya,16,test
../data/raw/Bali/letter/ya/Ya_125.jpg,ya,125,test
../data/raw/Bali/letter/ya/Ya_131.jpg,ya,131,train
../data/raw/Bali/letter/ya/Ya_119.jpg,ya,119,validation
../data/raw/Bali/letter/ya/Ya_247.jpg,ya,247,train
../data/raw/Bali/letter/ya/Ya_246.jpg,ya,246,validation
../data/raw/Bali/letter/ya/Ya_118.jpg,ya,118,train
../data/raw/Bali/letter/ya/Ya_130.jpg,ya,130,validation
../data/raw/Bali/letter/ya/Ya_124.jpg,ya,124,test
../data/raw/Bali/letter/ya/Ya_17.jpg,ya,17,train
../data/raw/Bali/letter/ya/Ya_15.jpg,ya,15,train
../data/raw/Bali/letter/ya/Ya_29.jpg,ya,29,train
../data/raw/Bali/letter/ya/Ya_132.jpg,ya,132,train
../data/raw/Bali/letter/ya/Ya_126.jpg,ya,126,validation
../data/raw/Bali/letter/ya/Ya_244.jpg,ya,244,train
../data/raw/Bali/letter/ya/Ya_250.jpg,ya,250,train
../data/raw/Bali/letter/ya/Ya_245.jpg,ya,245,train
../data/raw/Bali/letter/ya/Ya_127.jpg,ya,127,validation
../data/raw/Bali/letter/ya/Ya_133.jpg,ya,133,train
../data/raw/Bali/letter/ya/Ya_28.jpg,ya,28,validation
../data/raw/Bali/letter/ya/Ya_14.jpg,ya,14,train
../data/raw/Bali/letter/ya/Ya_19.jpg,ya,19,train
../data/raw/Bali/letter/ya/Ya_31.jpg,ya,31,test
../data/raw/Bali/letter/ya/Ya_25.jpg,ya,25,train
../data/raw/Bali/letter/ya/Ya_116.jpg,ya,116,test
../data/raw/Bali/letter/ya/Ya_102.jpg,ya,102,test
../data/raw/Bali/letter/ya/Ya_248.jpg,ya,248,train
../data/raw/Bali/letter/ya/Ya_249.jpg,ya,249,train
../data/raw/Bali/letter/ya/Ya_103.jpg,ya,103,test
../data/raw/Bali/letter/ya/Ya_117.jpg,ya,117,validation
../data/raw/Bali/letter/ya/Ya_24.jpg,ya,24,train
../data/raw/Bali/letter/ya/Ya_30.jpg,ya,30,validation
../data/raw/Bali/letter/ya/Ya_18.jpg,ya,18,train
../data/raw/Bali/letter/ya/Ya_26.jpg,ya,26,train
../data/raw/Bali/letter/ya/Ya_32.jpg,ya,32,train
../data/raw/Bali/letter/ya/Ya_129.jpg,ya,129,train
../data/raw/Bali/letter/ya/Ya_101.jpg,ya,101,train
../data/raw/Bali/letter/ya/Ya_115.jpg,ya,115,train
../data/raw/Bali/letter/ya/Ya_114.jpg,ya,114,train
../data/raw/Bali/letter/ya/Ya_100.jpg,ya,100,train
../data/raw/Bali/letter/ya/Ya_128.jpg,ya,128,train
../data/raw/Bali/letter/ya/Ya_33.jpg,ya,33,train
../data/raw/Bali/letter/ya/Ya_27.jpg,ya,27,train
../data/raw/Bali/letter/ya/Ya_23.jpg,ya,23,train
../data/raw/Bali/letter/ya/Ya_37.jpg,ya,37,train
../data/raw/Bali/letter/ya/Ya_104.jpg,ya,104,validation
../data/raw/Bali/letter/ya/Ya_110.jpg,ya,110,train
../data/raw/Bali/letter/ya/Ya_138.jpg,ya,138,train
../data/raw/Bali/letter/ya/Ya_139.jpg,ya,139,train
../data/raw/Bali/letter/ya/Ya_111.jpg,ya,111,train
../data/raw/Bali/letter/ya/Ya_105.jpg,ya,105,train
../data/raw/Bali/letter/ya/Ya_36.jpg,ya,36,train
../data/raw/Bali/letter/ya/Ya_22.jpg,ya,22,validation
../data/raw/Bali/letter/ya/Ya_34.jpg,ya,34,train
../data/raw/Bali/letter/ya/Ya_20.jpg,ya,20,train
../data/raw/Bali/letter/ya/Ya_113.jpg,ya,113,test
../data/raw/Bali/letter/ya/Ya_107.jpg,ya,107,test
../data/raw/Bali/letter/ya/Ya_106.jpg,ya,106,train
../data/raw/Bali/letter/ya/Ya_112.jpg,ya,112,train
../data/raw/Bali/letter/ya/Ya_21.jpg,ya,21,train
../data/raw/Bali/letter/ya/Ya_35.jpg,ya,35,train
../data/raw/Bali/letter/ya/Ya_52.jpg,ya,52,train
../data/raw/Bali/letter/ya/Ya_46.jpg,ya,46,validation
../data/raw/Bali/letter/ya/Ya_149.jpg,ya,149,test
../data/raw/Bali/letter/ya/Ya_91.jpg,ya,91,train
../data/raw/Bali/letter/ya/Ya_175.jpg,ya,175,train
../data/raw/Bali/letter/ya/Ya_161.jpg,ya,161,test
../data/raw/Bali/letter/ya/Ya_85.jpg,ya,85,train
../data/raw/Bali/letter/ya/Ya_203.jpg,ya,203,validation
../data/raw/Bali/letter/ya/Ya_217.jpg,ya,217,test
../data/raw/Bali/letter/ya/Ya_6.jpg,ya,6,test
../data/raw/Bali/letter/ya/Ya_7.jpg,ya,7,train
../data/raw/Bali/letter/ya/Ya_216.jpg,ya,216,train
../data/raw/Bali/letter/ya/Ya_202.jpg,ya,202,train
../data/raw/Bali/letter/ya/Ya_160.jpg,ya,160,train
../data/raw/Bali/letter/ya/Ya_84.jpg,ya,84,test
../data/raw/Bali/letter/ya/Ya_90.jpg,ya,90,train
../data/raw/Bali/letter/ya/Ya_174.jpg,ya,174,train
../data/raw/Bali/letter/ya/Ya_148.jpg,ya,148,train
../data/raw/Bali/letter/ya/Ya_47.jpg,ya,47,train
../data/raw/Bali/letter/ya/Ya_53.jpg,ya,53,test
../data/raw/Bali/letter/ya/Ya_79.jpg,ya,79,train
../data/raw/Bali/letter/ya/Ya_189.jpg,ya,189,train
../data/raw/Bali/letter/ya/Ya_45.jpg,ya,45,validation
../data/raw/Bali/letter/ya/Ya_51.jpg,ya,51,train
../data/raw/Bali/letter/ya/Ya_86.jpg,ya,86,train
../data/raw/Bali/letter/ya/Ya_162.jpg,ya,162,train
../data/raw/Bali/letter/ya/Ya_176.jpg,ya,176,train
../data/raw/Bali/letter/ya/Ya_92.jpg,ya,92,train
../data/raw/Bali/letter/ya/Ya_228.jpg,ya,228,validation
../data/raw/Bali/letter/ya/Ya_214.jpg,ya,214,train
../data/raw/Bali/letter/ya/Ya_200.jpg,ya,200,test
../data/raw/Bali/letter/ya/Ya_5.jpg,ya,5,test
../data/raw/Bali/letter/ya/Ya_4.jpg,ya,4,test
../data/raw/Bali/letter/ya/Ya_201.jpg,ya,201,validation
../data/raw/Bali/letter/ya/Ya_215.jpg,ya,215,validation
../data/raw/Bali/letter/ya/Ya_229.jpg,ya,229,train
../data/raw/Bali/letter/ya/Ya_177.jpg,ya,177,train
../data/raw/Bali/letter/ya/Ya_93.jpg,ya,93,test
../data/raw/Bali/letter/ya/Ya_87.jpg,ya,87,validation
../data/raw/Bali/letter/ya/Ya_163.jpg,ya,163,train
../data/raw/Bali/letter/ya/Ya_50.jpg,ya,50,train
../data/raw/Bali/letter/ya/Ya_44.jpg,ya,44,train
../data/raw/Bali/letter/ya/Ya_188.jpg,ya,188,train
../data/raw/Bali/letter/ya/Ya_78.jpg,ya,78,train
../data/raw/Bali/letter/ya/Ya_40.jpg,ya,40,train
../data/raw/Bali/letter/ya/Ya_54.jpg,ya,54,train
../data/raw/Bali/letter/ya/Ya_198.jpg,ya,198,train
../data/raw/Bali/letter/ya/Ya_68.jpg,ya,68,train
../data/raw/Bali/letter/ya/Ya_167.jpg,ya,167,train
../data/raw/Bali/letter/ya/Ya_83.jpg,ya,83,train
../data/raw/Bali/letter/ya/Ya_97.jpg,ya,97,train
../data/raw/Bali/letter/ya/Ya_173.jpg,ya,173,train
../data/raw/Bali/letter/ya/Ya_211.jpg,ya,211,train
../data/raw/Bali/letter/ya/Ya_205.jpg,ya,205,train
../data/raw/Bali/letter/ya/Ya_239.jpg,ya,239,train
../data/raw/Bali/letter/ya/Ya_1.jpg,ya,1,train
../data/raw/Bali/letter/ya/Ya_238.jpg,ya,238,train
../data/raw/Bali/letter/ya/Ya_204.jpg,ya,204,train
../data/raw/Bali/letter/ya/Ya_210.jpg,ya,210,train
../data/raw/Bali/letter/ya/Ya_96.jpg,ya,96,train
../data/raw/Bali/letter/ya/Ya_172.jpg,ya,172,train
../data/raw/Bali/letter/ya/Ya_166.jpg,ya,166,train
../data/raw/Bali/letter/ya/Ya_82.jpg,ya,82,train
../data/raw/Bali/letter/ya/Ya_69.jpg,ya,69,validation
../data/raw/Bali/letter/ya/Ya_199.jpg,ya,199,train
../data/raw/Bali/letter/ya/Ya_55.jpg,ya,55,train
../data/raw/Bali/letter/ya/Ya_41.jpg,ya,41,train
../data/raw/Bali/letter/ya/Ya_57.jpg,ya,57,train
../data/raw/Bali/letter/ya/Ya_43.jpg,ya,43,test
../data/raw/Bali/letter/ya/Ya_170.jpg,ya,170,train
../data/raw/Bali/letter/ya/Ya_94.jpg,ya,94,train
../data/raw/Bali/letter/ya/Ya_80.jpg,ya,80,test
../data/raw/Bali/letter/ya/Ya_164.jpg,ya,164,train
../data/raw/Bali/letter/ya/Ya_158.jpg,ya,158,train
../data/raw/Bali/letter/ya/Ya_206.jpg,ya,206,train
../data/raw/Bali/letter/ya/Ya_212.jpg,ya,212,validation
../data/raw/Bali/letter/ya/Ya_3.jpg,ya,3,test
../data/raw/Bali/letter/ya/Ya_2.jpg,ya,2,train
../data/raw/Bali/letter/ya/Ya_213.jpg,ya,213,train
../data/raw/Bali/letter/ya/Ya_207.jpg,ya,207,train
../data/raw/Bali/letter/ya/Ya_159.jpg,ya,159,validation
../data/raw/Bali/letter/ya/Ya_81.jpg,ya,81,validation
../data/raw/Bali/letter/ya/Ya_165.jpg,ya,165,train
../data/raw/Bali/letter/ya/Ya_171.jpg,ya,171,train
../data/raw/Bali/letter/ya/Ya_95.jpg,ya,95,train
../data/raw/Bali/letter/ya/Ya_42.jpg,ya,42,train
../data/raw/Bali/letter/ya/Ya_56.jpg,ya,56,train
